Grade,Mission Number,Mission Name,Topic Letter,Topic Name,Lesson Number,Lesson Name
K,1,Numbers to 10,A,Attributes of Two Related Objects,1,Exactly the Same
K,1,Numbers to 10,A,Attributes of Two Related Objects,2,More of the Same
K,1,Numbers to 10,A,Attributes of Two Related Objects,3,Matching Party
K,1,Numbers to 10,B,Classify to Make Categories and Count,4,Sort in the Sun
K,1,Numbers to 10,B,Classify to Make Categories and Count,5,School Sort
K,1,Numbers to 10,B,Classify to Make Categories and Count,6,Treasure Hunt
K,1,Numbers to 10,C,"Numbers to 5 in Different Configurations, Math Drawings, and Expressions",7,Counting Cubes
K,1,Numbers to 10,C,"Numbers to 5 in Different Configurations, Math Drawings, and Expressions",8,Stick-tastic
K,1,Numbers to 10,C,"Numbers to 5 in Different Configurations, Math Drawings, and Expressions",9,Counting Trains
K,1,Numbers to 10,C,"Numbers to 5 in Different Configurations, Math Drawings, and Expressions",10,Dive into Counting
K,1,Numbers to 10,D,The Concept of Zero and Working with Numbers 0–5,12,Zero the Hero!
K,1,Numbers to 10,D,The Concept of Zero and Working with Numbers 0–5,13,"1, 2, 3, Go!"
K,1,Numbers to 10,D,The Concept of Zero and Working with Numbers 0–5,15,4 and 5 at the Aquarium
K,1,Numbers to 10,D,The Concept of Zero and Working with Numbers 0–5,16,Breaking Up Blocks
K,1,Numbers to 10,E,Working with Numbers 6–8 in Different Configurations,17,Add One More
K,1,Numbers to 10,E,Working with Numbers 6–8 in Different Configurations,18,"4, 5, 6, Time for a Picnic!"
K,1,Numbers to 10,E,Working with Numbers 6–8 in Different Configurations,19,Lucky Number 7
K,1,Numbers to 10,E,Working with Numbers 6–8 in Different Configurations,20,Reach for the Stars
K,1,Numbers to 10,E,Working with Numbers 6–8 in Different Configurations,21,The Great Number 8
K,1,Numbers to 10,E,Working with Numbers 6–8 in Different Configurations,22,Counting at Zearnland
K,1,Numbers to 10,F,Working with Numbers 9–10 in Different Configurations,23,Nine Is Fine
K,1,Numbers to 10,F,Working with Numbers 9–10 in Different Configurations,24,Planting Nines
K,1,Numbers to 10,F,Working with Numbers 9–10 in Different Configurations,25,Time for Ten
K,1,Numbers to 10,F,Working with Numbers 9–10 in Different Configurations,26,Play Ball!
K,1,Numbers to 10,F,Working with Numbers 9–10 in Different Configurations,28,At the Park
K,1,Numbers to 10,G,One More with Numbers 0–10,30,Up the Stairs
K,1,Numbers to 10,G,One More with Numbers 0–10,32,Fantastic Stairs
K,1,Numbers to 10,H,One Less with Numbers 0–10,34,Scout the Dog
K,1,Numbers to 10,H,One Less with Numbers 0–10,35,One Less Butterfly
K,1,Numbers to 10,H,One Less with Numbers 0–10,36,Down the Stairs
K,2,Two-Dimensional and Three-Dimensional Shapes,A,Two-Dimensional Flat Shapes,1,So Many Shapes!
K,2,Two-Dimensional and Three-Dimensional Shapes,A,Two-Dimensional Flat Shapes,2,"Introducing, The Triangle!"
K,2,Two-Dimensional and Three-Dimensional Shapes,A,Two-Dimensional Flat Shapes,3,Reach for Rectangles
K,2,Two-Dimensional and Three-Dimensional Shapes,A,Two-Dimensional Flat Shapes,4,Searching for Shapes
K,2,Two-Dimensional and Three-Dimensional Shapes,B,Three-Dimensional Solid Shapes,6,Shapes Can Be Solid
K,2,Two-Dimensional and Three-Dimensional Shapes,B,Three-Dimensional Solid Shapes,7,Popping Shapes
K,2,Two-Dimensional and Three-Dimensional Shapes,C,Two-Dimensional and Three-Dimensional Shapes,9,Flat Shape Mystery
K,2,Two-Dimensional and Three-Dimensional Shapes,C,Two-Dimensional and Three-Dimensional Shapes,10,Solid Shape Mystery
K,3,"Comparison of Length, Weight, Capacity, and Numbers to 10",A,Comparison of Length and Height,1,Taller or Shorter?
K,3,"Comparison of Length, Weight, Capacity, and Numbers to 10",A,Comparison of Length and Height,2,Longer or Shorter?
K,3,"Comparison of Length, Weight, Capacity, and Numbers to 10",A,Comparison of Length and Height,3,Longer and Shorter!
K,3,"Comparison of Length, Weight, Capacity, and Numbers to 10",B,Comparison of Length and Height of Linking Cubes,4,Stair Compare
K,3,"Comparison of Length, Weight, Capacity, and Numbers to 10",B,Comparison of Length and Height of Linking Cubes,5,Stick Compare!
K,3,"Comparison of Length, Weight, Capacity, and Numbers to 10",B,Comparison of Length and Height of Linking Cubes,6,Cube Compare!
K,3,"Comparison of Length, Weight, Capacity, and Numbers to 10",C,Comparison of Weight,8,Ready for Vacation
K,3,"Comparison of Length, Weight, Capacity, and Numbers to 10",C,Comparison of Weight,9,Pasta Party
K,3,"Comparison of Length, Weight, Capacity, and Numbers to 10",C,Comparison of Weight,10,Craft Day
K,3,"Comparison of Length, Weight, Capacity, and Numbers to 10",C,Comparison of Weight,11,Balancing Cubes
K,3,"Comparison of Length, Weight, Capacity, and Numbers to 10",C,Comparison of Weight,12,How Heavy?
K,3,"Comparison of Length, Weight, Capacity, and Numbers to 10",D,Comparison of Volume,13,Scooping Sand
K,3,"Comparison of Length, Weight, Capacity, and Numbers to 10",D,Comparison of Volume,15,Same Scoops!
K,3,"Comparison of Length, Weight, Capacity, and Numbers to 10",E,Are There Enough?,17,Cat Party
K,3,"Comparison of Length, Weight, Capacity, and Numbers to 10",E,Are There Enough?,18,Time for Tea
K,3,"Comparison of Length, Weight, Capacity, and Numbers to 10",E,Are There Enough?,19,Walk in the Park
K,3,"Comparison of Length, Weight, Capacity, and Numbers to 10",F,Comparison of Sets Within 10,20,More and Less
K,3,"Comparison of Length, Weight, Capacity, and Numbers to 10",F,Comparison of Sets Within 10,21,Shape Adventure
K,3,"Comparison of Length, Weight, Capacity, and Numbers to 10",F,Comparison of Sets Within 10,22,Match My Set!
K,3,"Comparison of Length, Weight, Capacity, and Numbers to 10",F,Comparison of Sets Within 10,23,What’s One More?
K,3,"Comparison of Length, Weight, Capacity, and Numbers to 10",F,Comparison of Sets Within 10,24,What’s One Less?
K,3,"Comparison of Length, Weight, Capacity, and Numbers to 10",G,Comparison of Numerals,25,Compare: Time for More!
K,3,"Comparison of Length, Weight, Capacity, and Numbers to 10",G,Comparison of Numerals,26,Compare: Time for Less!
K,3,"Comparison of Length, Weight, Capacity, and Numbers to 10",G,Comparison of Numerals,27,Spin to Compare
K,3,"Comparison of Length, Weight, Capacity, and Numbers to 10",G,Comparison of Numerals,28,It’s Raining Numbers!
K,4,"Number Pairs, Addition and Subtraction to 10",A,"Compositions and Decompositions of 2, 3, 4, and 5",1,Number Bond Farm
K,4,"Number Pairs, Addition and Subtraction to 10",A,"Compositions and Decompositions of 2, 3, 4, and 5",2,Number Bond Sea
K,4,"Number Pairs, Addition and Subtraction to 10",A,"Compositions and Decompositions of 2, 3, 4, and 5",3,At the Zoo
K,4,"Number Pairs, Addition and Subtraction to 10",A,"Compositions and Decompositions of 2, 3, 4, and 5",4,Sticky Number Bonds
K,4,"Number Pairs, Addition and Subtraction to 10",A,"Compositions and Decompositions of 2, 3, 4, and 5",5,Laundry Day
K,4,"Number Pairs, Addition and Subtraction to 10",A,"Compositions and Decompositions of 2, 3, 4, and 5",6,Parts of 5
K,4,"Number Pairs, Addition and Subtraction to 10",B,"Decompositions of 6, 7, and 8 into Number Pairs",7,Split Six
K,4,"Number Pairs, Addition and Subtraction to 10",B,"Decompositions of 6, 7, and 8 into Number Pairs",8,Snap Seven
K,4,"Number Pairs, Addition and Subtraction to 10",B,"Decompositions of 6, 7, and 8 into Number Pairs",9,Break Eight
K,4,"Number Pairs, Addition and Subtraction to 10",B,"Decompositions of 6, 7, and 8 into Number Pairs",10,Break It Up!
K,4,"Number Pairs, Addition and Subtraction to 10",B,"Decompositions of 6, 7, and 8 into Number Pairs",11,The Eight Train
K,4,"Number Pairs, Addition and Subtraction to 10",B,"Decompositions of 6, 7, and 8 into Number Pairs",12,5 and Some More
K,4,"Number Pairs, Addition and Subtraction to 10",C,"Addition with Totals of 6, 7, and 8",13,Numbers at Night
K,4,"Number Pairs, Addition and Subtraction to 10",C,"Addition with Totals of 6, 7, and 8",14,Numbers in the Garden
K,4,"Number Pairs, Addition and Subtraction to 10",C,"Addition with Totals of 6, 7, and 8",15,"It's a Bird, It's a Plane..."
K,4,"Number Pairs, Addition and Subtraction to 10",C,"Addition with Totals of 6, 7, and 8",16,At the Aquarium
K,4,"Number Pairs, Addition and Subtraction to 10",C,"Addition with Totals of 6, 7, and 8",18,Silly Snack Time
K,4,"Number Pairs, Addition and Subtraction to 10",D,Subtraction from Numbers to 8,19,Picking Apples
K,4,"Number Pairs, Addition and Subtraction to 10",D,Subtraction from Numbers to 8,20,Bubble Pop
K,4,"Number Pairs, Addition and Subtraction to 10",D,Subtraction from Numbers to 8,21,Balloon Pop
K,4,"Number Pairs, Addition and Subtraction to 10",D,Subtraction from Numbers to 8,22,Take from 6
K,4,"Number Pairs, Addition and Subtraction to 10",D,Subtraction from Numbers to 8,23,Take from 7
K,4,"Number Pairs, Addition and Subtraction to 10",D,Subtraction from Numbers to 8,24,Take from 8
K,4,"Number Pairs, Addition and Subtraction to 10",E,Decompositions of 9 and 10 into Number Pairs,26,Jump to 9
K,4,"Number Pairs, Addition and Subtraction to 10",E,Decompositions of 9 and 10 into Number Pairs,28,Roller Coaster Ride to 10
K,4,"Number Pairs, Addition and Subtraction to 10",F,Addition with Totals of 9 and 10,29,Bake Sale
K,4,"Number Pairs, Addition and Subtraction to 10",F,Addition with Totals of 9 and 10,31,Field Day
K,4,"Number Pairs, Addition and Subtraction to 10",F,Addition with Totals of 9 and 10,32,Donut Delight
K,4,"Number Pairs, Addition and Subtraction to 10",G,Subtraction from 9 and 10,33,Out at Sea
K,4,"Number Pairs, Addition and Subtraction to 10",G,Subtraction from 9 and 10,34,The Hungry Bear
K,4,"Number Pairs, Addition and Subtraction to 10",G,Subtraction from 9 and 10,36,Bug Count
K,4,"Number Pairs, Addition and Subtraction to 10",H,Patterns with Adding 0 and 1 and Making 10,39,Safari Journey to 10
K,4,"Number Pairs, Addition and Subtraction to 10",H,Patterns with Adding 0 and 1 and Making 10,40,Elephant Rescue!
K,5,Numbers 10-20 and Counting to 100,A,Count 10 Ones and Some Ones,1,10 or Not?
K,5,Numbers 10-20 and Counting to 100,A,Count 10 Ones and Some Ones,2,10 and Ones
K,5,Numbers 10-20 and Counting to 100,A,Count 10 Ones and Some Ones,3,Nature Counting
K,5,Numbers 10-20 and Counting to 100,A,Count 10 Ones and Some Ones,4,10 and Some More
K,5,Numbers 10-20 and Counting to 100,A,Count 10 Ones and Some Ones,5,10 and Some More...Score!
K,5,Numbers 10-20 and Counting to 100,B,Compose Numbers 11–20 from 10 Ones and Some Ones; Represent and Write Teen Numbers,6,Jelly Bean Teens
K,5,Numbers 10-20 and Counting to 100,B,Compose Numbers 11–20 from 10 Ones and Some Ones; Represent and Write Teen Numbers,7,Counting Bears
K,5,Numbers 10-20 and Counting to 100,B,Compose Numbers 11–20 from 10 Ones and Some Ones; Represent and Write Teen Numbers,8,Go Fish!
K,5,Numbers 10-20 and Counting to 100,B,Compose Numbers 11–20 from 10 Ones and Some Ones; Represent and Write Teen Numbers,9,Beach Cleanup
K,5,Numbers 10-20 and Counting to 100,C,"Decompose Numbers 11–20, and Count to Answer “How Many?” Questions in Varied Configurations",11,Going Up
K,5,Numbers 10-20 and Counting to 100,C,"Decompose Numbers 11–20, and Count to Answer “How Many?” Questions in Varied Configurations",12,Going Down
K,5,Numbers 10-20 and Counting to 100,C,"Decompose Numbers 11–20, and Count to Answer “How Many?” Questions in Varied Configurations",13,Shell Collecting
K,5,Numbers 10-20 and Counting to 100,C,"Decompose Numbers 11–20, and Count to Answer “How Many?” Questions in Varied Configurations",14,Deep Sea Submarine
K,5,Numbers 10-20 and Counting to 100,D,Extend the Say Ten and Regular Count Sequence to 100,15,Stargazing by Tens
K,5,Numbers 10-20 and Counting to 100,D,Extend the Say Ten and Regular Count Sequence to 100,16,Counting Tickets
K,5,Numbers 10-20 and Counting to 100,E,Represent and Apply Compositions and Decompositions of Teen Numbers,20,Teen Number Bonds
K,5,Numbers 10-20 and Counting to 100,E,Represent and Apply Compositions and Decompositions of Teen Numbers,21,Flying Dots!
K,5,Numbers 10-20 and Counting to 100,E,Represent and Apply Compositions and Decompositions of Teen Numbers,22,Pop to Compare
K,5,Numbers 10-20 and Counting to 100,E,Represent and Apply Compositions and Decompositions of Teen Numbers,23,Which is Less?
K,6,"Analyzing, Comparing, and Composing Shapes",A,Building and Drawing Flat and Solid Shapes,1,Dancing Straws
K,6,"Analyzing, Comparing, and Composing Shapes",A,Building and Drawing Flat and Solid Shapes,2,Straws to Shapes
K,6,"Analyzing, Comparing, and Composing Shapes",A,Building and Drawing Flat and Solid Shapes,3,Build a Cube
K,6,"Analyzing, Comparing, and Composing Shapes",B,Composing and Decomposing Shapes,5,Shape Creations!
K,6,"Analyzing, Comparing, and Composing Shapes",B,Composing and Decomposing Shapes,6,Shape Puzzles
K,6,"Analyzing, Comparing, and Composing Shapes",B,Composing and Decomposing Shapes,7,Shapes in Shapes
1,1,Add and Subtract Small Numbers,A,Embedded Numbers and Decompositions,1,Number Bonds
1,1,Add and Subtract Small Numbers,A,Embedded Numbers and Decompositions,2,Balloon Parts
1,1,Add and Subtract Small Numbers,A,Embedded Numbers and Decompositions,3,1 More
1,1,Add and Subtract Small Numbers,B,Counting On from Embedded Numbers,4,Balloon Parts 6
1,1,Add and Subtract Small Numbers,B,Counting On from Embedded Numbers,5,Make 7
1,1,Add and Subtract Small Numbers,B,Counting On from Embedded Numbers,6,Balloon Parts 8
1,1,Add and Subtract Small Numbers,B,Counting On from Embedded Numbers,7,Make 9
1,1,Add and Subtract Small Numbers,B,Counting On from Embedded Numbers,8,Balloon Parts 10
1,1,Add and Subtract Small Numbers,C,Addition Word Problems,9,How Many?
1,1,Add and Subtract Small Numbers,C,Addition Word Problems,10,All in All
1,1,Add and Subtract Small Numbers,C,Addition Word Problems,11,Count What? Count On!
1,1,Add and Subtract Small Numbers,C,Addition Word Problems,12,Count What? Count More!
1,1,Add and Subtract Small Numbers,D,Strategies for Counting On,14,Count What? Count Up!
1,1,Add and Subtract Small Numbers,D,Strategies for Counting On,15,Count on Me
1,1,Add and Subtract Small Numbers,D,Strategies for Counting On,16,Add What?
1,1,Add and Subtract Small Numbers,E,The Commutative Property of Addition and the Equal Sign,17,Are These Equal?
1,1,Add and Subtract Small Numbers,E,The Commutative Property of Addition and the Equal Sign,19,Fruit Flip
1,1,Add and Subtract Small Numbers,E,The Commutative Property of Addition and the Equal Sign,20,Add with Speed
1,1,Add and Subtract Small Numbers,F,Development of Addition Fluency Within 10,21,Double Trouble
1,1,Add and Subtract Small Numbers,F,Development of Addition Fluency Within 10,22,Smart Adding
1,1,Add and Subtract Small Numbers,G,Subtraction as an Unknown Addend Problem,25,Subtraction Story
1,1,Add and Subtract Small Numbers,G,Subtraction as an Unknown Addend Problem,27,Count on or Count Back?
1,1,Add and Subtract Small Numbers,H,Subtraction Word Problems,29,Take It Apart
1,1,Add and Subtract Small Numbers,H,Subtraction Word Problems,30,Sum Subtraction
1,1,Add and Subtract Small Numbers,H,Subtraction Word Problems,31,Lost and Found
1,1,Add and Subtract Small Numbers,H,Subtraction Word Problems,32,Put It All Together
1,1,Add and Subtract Small Numbers,I,Decomposition Strategies for Subtraction,33,Smart Subtracting
1,1,Add and Subtract Small Numbers,I,Decomposition Strategies for Subtraction,34,Subtract That
1,1,Add and Subtract Small Numbers,I,Decomposition Strategies for Subtraction,36,Subtract Twice
1,1,Add and Subtract Small Numbers,I,Decomposition Strategies for Subtraction,37,Subtract Some More
1,1,Add and Subtract Small Numbers,J,Development of Subtraction Fluency Within 10,38,Add and Subtract
1,1,Add and Subtract Small Numbers,J,Development of Subtraction Fluency Within 10,39,Add and Subtract Again
1,2,Meet Place Value,A,Counting On or Making Ten to Solve Result Unknown and Total Unknown Problems,1,Circle 10
1,2,Meet Place Value,A,Counting On or Making Ten to Solve Result Unknown and Total Unknown Problems,2,10 Buttons
1,2,Meet Place Value,A,Counting On or Making Ten to Solve Result Unknown and Total Unknown Problems,3,9 to 10 Buttons
1,2,Meet Place Value,A,Counting On or Making Ten to Solve Result Unknown and Total Unknown Problems,4,10 Balloons
1,2,Meet Place Value,A,Counting On or Making Ten to Solve Result Unknown and Total Unknown Problems,6,10 More Buttons
1,2,Meet Place Value,A,Counting On or Making Ten to Solve Result Unknown and Total Unknown Problems,7,Make More 10s
1,2,Meet Place Value,A,Counting On or Making Ten to Solve Result Unknown and Total Unknown Problems,8,10 Balloons Again
1,2,Meet Place Value,A,Counting On or Making Ten to Solve Result Unknown and Total Unknown Problems,10,10 Buttons Again
1,2,Meet Place Value,B,Counting On or Taking from Ten to Solve Result Unknown and Total Unknown Problems,12,"9, 10, Let's Be Friends!"
1,2,Meet Place Value,B,Counting On or Taking from Ten to Solve Result Unknown and Total Unknown Problems,13,"9, 10, Let's Go Again!"
1,2,Meet Place Value,B,Counting On or Taking from Ten to Solve Result Unknown and Total Unknown Problems,14,Subtract from 10
1,2,Meet Place Value,B,Counting On or Taking from Ten to Solve Result Unknown and Total Unknown Problems,15,Subtract from 10 Again!
1,2,Meet Place Value,B,Counting On or Taking from Ten to Solve Result Unknown and Total Unknown Problems,16,Taking 9
1,2,Meet Place Value,B,Counting On or Taking from Ten to Solve Result Unknown and Total Unknown Problems,17,Subtract 8
1,2,Meet Place Value,B,Counting On or Taking from Ten to Solve Result Unknown and Total Unknown Problems,18,Taking 8
1,2,Meet Place Value,B,Counting On or Taking from Ten to Solve Result Unknown and Total Unknown Problems,20,Take It Away
1,2,Meet Place Value,C,Strategies for Solving Change or Addend Unknown Problems,22,"Read, Draw, Write!"
1,2,Meet Place Value,C,Strategies for Solving Change or Addend Unknown Problems,23,"More Read, Draw, Write!"
1,2,Meet Place Value,C,Strategies for Solving Change or Addend Unknown Problems,25,Excellent Equals
1,2,Meet Place Value,D,Varied Problems with Decompositions of Teen Numbers as 1 Ten and Some Ones,26,A What? A Ten!
1,2,Meet Place Value,D,Varied Problems with Decompositions of Teen Numbers as 1 Ten and Some Ones,27,Ten and Ones
1,2,Meet Place Value,D,Varied Problems with Decompositions of Teen Numbers as 1 Ten and Some Ones,28,Make It with a Ten
1,2,Meet Place Value,D,Varied Problems with Decompositions of Teen Numbers as 1 Ten and Some Ones,29,Break It with a Ten
1,3,Measure Length,A,Indirect Comparison in Length Measurement,1,Longer or Shorter?
1,3,Measure Length,A,Indirect Comparison in Length Measurement,2,Compare Three
1,3,Measure Length,B,Standard Length Units,4,End to End
1,3,Measure Length,B,Standard Length Units,5,Centimeters Rule!
1,3,Measure Length,B,Standard Length Units,6,Counting Cubes
1,3,Measure Length,C,Non-Standard and Standard Length Units,7,Big and Small Paper Clips
1,3,Measure Length,C,Non-Standard and Standard Length Units,9,Size Compare
1,3,Measure Length,D,Data Interpretation,10,Gather and Sort
1,3,Measure Length,D,Data Interpretation,11,Dig Data
1,3,Measure Length,D,Data Interpretation,13,In the Data
1,4,Add and Subtract Bigger Numbers,A,Tens and Ones,1,Count by Tens
1,4,Add and Subtract Bigger Numbers,A,Tens and Ones,2,How Many Tens and Ones?
1,4,Add and Subtract Bigger Numbers,A,Tens and Ones,3,All Ones
1,4,Add and Subtract Bigger Numbers,A,Tens and Ones,4,Tens Plus Ones
1,4,Add and Subtract Bigger Numbers,A,Tens and Ones,5,"1 More, 10 More, 1 Less, 10 Less"
1,4,Add and Subtract Bigger Numbers,A,Tens and Ones,6,"1 More, 10 More"
1,4,Add and Subtract Bigger Numbers,B,Comparison of Pairs of Two-Digit Numbers,8,Dare to Compare
1,4,Add and Subtract Bigger Numbers,B,Comparison of Pairs of Two-Digit Numbers,10,The Hungry Alligator
1,4,Add and Subtract Bigger Numbers,C,Addition and Subtraction of Tens,11,Terrific Tens
1,4,Add and Subtract Bigger Numbers,D,Addition of Tens or Ones to a Two-Digit Number,13,Add Some More
1,4,Add and Subtract Bigger Numbers,D,Addition of Tens or Ones to a Two-Digit Number,15,"Tens Change, Ones Don't"
1,4,Add and Subtract Bigger Numbers,D,Addition of Tens or Ones to a Two-Digit Number,16,"Ones + Ones, Tens + Tens"
1,4,Add and Subtract Bigger Numbers,D,Addition of Tens or Ones to a Two-Digit Number,17,Add Together
1,4,Add and Subtract Bigger Numbers,E,Varied Problem Types Within 20,19,Tape Time
1,4,Add and Subtract Bigger Numbers,E,Varied Problem Types Within 20,20,Tape Parts
1,4,Add and Subtract Bigger Numbers,E,Varied Problem Types Within 20,21,Tape Together
1,4,Add and Subtract Bigger Numbers,F,Addition of Tens and Ones to a Two-Digit Number,23,"Unbundle Ten, Same Value"
1,4,Add and Subtract Bigger Numbers,F,Addition of Tens and Ones to a Two-Digit Number,24,Tens Then Ones
1,4,Add and Subtract Bigger Numbers,F,Addition of Tens and Ones to a Two-Digit Number,25,Add On
1,4,Add and Subtract Bigger Numbers,F,Addition of Tens and Ones to a Two-Digit Number,26,"Add Ten, Make Ten"
1,4,Add and Subtract Bigger Numbers,F,Addition of Tens and Ones to a Two-Digit Number,27,Add It All
1,4,Add and Subtract Bigger Numbers,F,Addition of Tens and Ones to a Two-Digit Number,28,Fun with Sums
1,4,Add and Subtract Bigger Numbers,F,Addition of Tens and Ones to a Two-Digit Number,29,Sum More Fun
1,5,Work with Shapes,A,Attributes of Shapes,1,My Shapes
1,5,Work with Shapes,A,Attributes of Shapes,2,Super Shapes
1,5,Work with Shapes,A,Attributes of Shapes,3,Solid Shapes
1,5,Work with Shapes,B,Part–Whole Relationships Within Composite Shapes,4,Make Shapes
1,5,Work with Shapes,B,Part–Whole Relationships Within Composite Shapes,5,Build Shapes
1,5,Work with Shapes,B,Part–Whole Relationships Within Composite Shapes,6,Build Solid Shapes
1,5,Work with Shapes,C,Halves and Quarters of Rectangles and Circles,7,Parts of Shapes
1,5,Work with Shapes,C,Halves and Quarters of Rectangles and Circles,8,Split Shapes
1,5,Work with Shapes,C,Halves and Quarters of Rectangles and Circles,9,Split Shapes Some More
1,5,Work with Shapes,D,Application of Halves to Tell Time,10,Cool Clocks
1,5,Work with Shapes,D,Application of Halves to Tell Time,11,Time for Time
1,5,Work with Shapes,D,Application of Halves to Tell Time,12,Time Out
1,5,Work with Shapes,D,Application of Halves to Tell Time,13,Last Time
1,6,Add and Subtract to 100,A,Comparison Word Problems,1,Different Tapes
1,6,Add and Subtract to 100,A,Comparison Word Problems,2,Tackle the Tapes!
1,6,Add and Subtract to 100,B,Numbers to 120,4,Lots More
1,6,Add and Subtract to 100,B,Numbers to 120,5,"Many, Many More, Many, Many Less"
1,6,Add and Subtract to 100,B,Numbers to 120,9,To 100 and Beyond!
1,6,Add and Subtract to 100,C,Addition to 100 Using Place Value Understanding,11,Adding All-Star
1,6,Add and Subtract to 100,C,Addition to 100 Using Place Value Understanding,12,Awesome Adding All-Star
1,6,Add and Subtract to 100,C,Addition to 100 Using Place Value Understanding,13,Do the Decompose
1,6,Add and Subtract to 100,C,Addition to 100 Using Place Value Understanding,14,Amazing Adding All-Star
1,6,Add and Subtract to 100,C,Addition to 100 Using Place Value Understanding,15,Loop 10 Ones
1,6,Add and Subtract to 100,C,Addition to 100 Using Place Value Understanding,16,Very Vertical Addition
1,6,Add and Subtract to 100,D,Varied Place Value Strategies for Addition to 100,18,Super Strategies
1,6,Add and Subtract to 100,D,Varied Place Value Strategies for Addition to 100,19,Super Sum Strategies
1,6,Add and Subtract to 100,E,Coins and Their Values,20,Coin Time
1,6,Add and Subtract to 100,E,Coins and Their Values,21,Quarter Time
1,6,Add and Subtract to 100,F,Varied Problem Types Within 20,25,Make a Tape
1,6,Add and Subtract to 100,F,Varied Problem Types Within 20,26,Tape It!
1,6,Add and Subtract to 100,F,Varied Problem Types Within 20,27,Terrific Tapes
2,1,Add and Subtract Friendly Numbers,A,Foundations for Fluency with Sums and Differences Within 100,1,Make and Take from 10
2,1,Add and Subtract Friendly Numbers,A,Foundations for Fluency with Sums and Differences Within 100,2,Tens and Ones
2,1,Add and Subtract Friendly Numbers,B,Initiating Fluency with Addition and Subtraction Within 100,3,Make It Easy
2,1,Add and Subtract Friendly Numbers,B,Initiating Fluency with Addition and Subtraction Within 100,4,Make Ten
2,1,Add and Subtract Friendly Numbers,B,Initiating Fluency with Addition and Subtraction Within 100,5,Make Ten Returns
2,1,Add and Subtract Friendly Numbers,B,Initiating Fluency with Addition and Subtraction Within 100,6,Take out 10
2,1,Add and Subtract Friendly Numbers,B,Initiating Fluency with Addition and Subtraction Within 100,7,Take out 10 Returns
2,1,Add and Subtract Friendly Numbers,B,Initiating Fluency with Addition and Subtraction Within 100,8,Take out 10 Again
2,2,Explore Length,A,Understand Concepts About the Ruler,1,Block by Block
2,2,Explore Length,A,Understand Concepts About the Ruler,2,Mark and Move
2,2,Explore Length,A,Understand Concepts About the Ruler,3,Rulers Rule
2,2,Explore Length,B,Measure and Estimate Length Using Different Measurement Tools,4,Meter or CentiMeter?
2,2,Explore Length,B,Measure and Estimate Length Using Different Measurement Tools,5,BenchMark It
2,2,Explore Length,C,Measure and Compare Lengths Using Different Length Units,6,How Much Longer?
2,2,Explore Length,C,Measure and Compare Lengths Using Different Length Units,7,Measure with Objects
2,2,Explore Length,D,Relate Addition and Subtraction to Length,8,Measure Up
2,2,Explore Length,D,Relate Addition and Subtraction to Length,9,Tape Diagram Jam
2,2,Explore Length,D,Relate Addition and Subtraction to Length,10,Measure and Step
2,3,Counting and Place Value,A,"Forming Base Ten Units of Ten, a Hundred, and a Thousand",1,Bundle and Count Units
2,3,Counting and Place Value,B,"Understanding Place Value Units of One, Ten, and a Hundred",2,Count Up
2,3,Counting and Place Value,B,"Understanding Place Value Units of One, Ten, and a Hundred",3,Count On
2,3,Counting and Place Value,C,"Three-Digit Numbers in Unit, Standard, Expanded, and Word Forms",4,Benchmark Bundle
2,3,Counting and Place Value,C,"Three-Digit Numbers in Unit, Standard, Expanded, and Word Forms",5,"One Number, Many Forms"
2,3,Counting and Place Value,C,"Three-Digit Numbers in Unit, Standard, Expanded, and Word Forms",6,Excellent Expanding
2,3,Counting and Place Value,C,"Three-Digit Numbers in Unit, Standard, Expanded, and Word Forms",7,Familiar Forms
2,3,Counting and Place Value,D,"Modeling Base Ten Numbers Within 1,000 with Money",8,Exchange Place
2,3,Counting and Place Value,D,"Modeling Base Ten Numbers Within 1,000 with Money",9,Counting Dollars
2,3,Counting and Place Value,D,"Modeling Base Ten Numbers Within 1,000 with Money",10,"Ones, Tens - Solve!"
2,3,Counting and Place Value,E,"Modeling Numbers Within 1,000 with Place Value Disks",11,Disk-overy
2,3,Counting and Place Value,E,"Modeling Numbers Within 1,000 with Place Value Disks",12,Changing 10
2,3,Counting and Place Value,E,"Modeling Numbers Within 1,000 with Place Value Disks",13,"Whisper to 1,000"
2,3,Counting and Place Value,E,"Modeling Numbers Within 1,000 with Place Value Disks",14,1 Ten = 10 Ones
2,3,Counting and Place Value,E,"Modeling Numbers Within 1,000 with Place Value Disks",15,9 Tens and Then Some
2,3,Counting and Place Value,F,Comparing Two Three-Digit Numbers,16,Com-pair
2,3,Counting and Place Value,F,Comparing Two Three-Digit Numbers,17,Com-pair Remix
2,3,Counting and Place Value,G,"Finding 1, 10, and 100 More or Less than a Number",19,"Ten More, Ten Less"
2,3,Counting and Place Value,G,"Finding 1, 10, and 100 More or Less than a Number",20,"Count Up, Count Down"
2,4,"Add, Subtract, and Solve",A,Sums and Differences Within 100,1,"1 Step, 10 Step"
2,4,"Add, Subtract, and Solve",A,Sums and Differences Within 100,2,"More Tens, Fewer Tens"
2,4,"Add, Subtract, and Solve",A,Sums and Differences Within 100,3,Friendly Neighbor
2,4,"Add, Subtract, and Solve",A,Sums and Differences Within 100,4,Beach Day
2,4,"Add, Subtract, and Solve",A,Sums and Differences Within 100,5,(Un)known Parts and Wholes
2,4,"Add, Subtract, and Solve",B,Strategies for Composing a Ten,6,Bundle Up!
2,4,"Add, Subtract, and Solve",B,Strategies for Composing a Ten,7,Place It Vertically
2,4,"Add, Subtract, and Solve",B,Strategies for Composing a Ten,8,Algorithm Rhythm
2,4,"Add, Subtract, and Solve",B,Strategies for Composing a Ten,9,Add It Up
2,4,"Add, Subtract, and Solve",B,Strategies for Composing a Ten,10,Build and Bundle
2,4,"Add, Subtract, and Solve",C,Strategies for Decomposing a Ten,11,Act. Subtract.
2,4,"Add, Subtract, and Solve",C,Strategies for Decomposing a Ten,12,Ready? Subtract!
2,4,"Add, Subtract, and Solve",C,Strategies for Decomposing a Ten,13,Unbundle and Subtract
2,4,"Add, Subtract, and Solve",C,Strategies for Decomposing a Ten,14,Super Subtraction
2,4,"Add, Subtract, and Solve",C,Strategies for Decomposing a Ten,15,Vertical Subtraction
2,4,"Add, Subtract, and Solve",C,Strategies for Decomposing a Ten,16,"Part, Part, Whole"
2,4,"Add, Subtract, and Solve",D,Strategies for Composing Tens and Hundreds,17,"Ones to Tens, Tens to Hundreds"
2,4,"Add, Subtract, and Solve",D,Strategies for Composing Tens and Hundreds,18,Bundle Bundle
2,4,"Add, Subtract, and Solve",D,Strategies for Composing Tens and Hundreds,19,Disks and Numbers
2,4,"Add, Subtract, and Solve",D,Strategies for Composing Tens and Hundreds,20,Bundle Up Again!
2,4,"Add, Subtract, and Solve",D,Strategies for Composing Tens and Hundreds,21,Bundle It
2,4,"Add, Subtract, and Solve",D,Strategies for Composing Tens and Hundreds,22,Add It Your Way
2,4,"Add, Subtract, and Solve",E,Strategies for Decomposing Tens and Hundreds,23,Break Big and Subtract
2,4,"Add, Subtract, and Solve",E,Strategies for Decomposing Tens and Hundreds,24,Show Me Subtraction
2,4,"Add, Subtract, and Solve",E,Strategies for Decomposing Tens and Hundreds,25,"Unbundle, Unbundle, Subtract"
2,4,"Add, Subtract, and Solve",E,Strategies for Decomposing Tens and Hundreds,26,Super Subtractor
2,4,"Add, Subtract, and Solve",E,Strategies for Decomposing Tens and Hundreds,27,Double Unbundle
2,4,"Add, Subtract, and Solve",E,Strategies for Decomposing Tens and Hundreds,28,Garden Time
2,4,"Add, Subtract, and Solve",F,Student Explanations of Written Methods,31,Step on It
2,5,Add and Subtract Big Numbers,A,"Strategies for Adding and Subtracting Within 1,000",1,More or Less
2,5,Add and Subtract Big Numbers,A,"Strategies for Adding and Subtracting Within 1,000",2,"More Hundreds, Fewer Hundreds"
2,5,Add and Subtract Big Numbers,A,"Strategies for Adding and Subtracting Within 1,000",3,Way? Arrow Way!
2,5,Add and Subtract Big Numbers,A,"Strategies for Adding and Subtracting Within 1,000",4,Break It Down
2,5,Add and Subtract Big Numbers,A,"Strategies for Adding and Subtracting Within 1,000",5,Easier Adding
2,5,Add and Subtract Big Numbers,A,"Strategies for Adding and Subtracting Within 1,000",6,Easier Subtracting
2,5,Add and Subtract Big Numbers,A,"Strategies for Adding and Subtracting Within 1,000",7,Thousand Strategies
2,5,Add and Subtract Big Numbers,B,"Strategies for Composing Tens and Hundreds Within 1,000",8,Add Away
2,5,Add and Subtract Big Numbers,B,"Strategies for Composing Tens and Hundreds Within 1,000",9,Double Bundle
2,5,Add and Subtract Big Numbers,B,"Strategies for Composing Tens and Hundreds Within 1,000",10,Compose and Match
2,5,Add and Subtract Big Numbers,B,"Strategies for Composing Tens and Hundreds Within 1,000",11,Math Magic
2,5,Add and Subtract Big Numbers,B,"Strategies for Composing Tens and Hundreds Within 1,000",12,Sum Sharing
2,5,Add and Subtract Big Numbers,C,"Strategies for Decomposing Tens and Hundreds Within 1,000",13,Prove It
2,5,Add and Subtract Big Numbers,C,"Strategies for Decomposing Tens and Hundreds Within 1,000",14,Subtract and Prove
2,5,Add and Subtract Big Numbers,C,"Strategies for Decomposing Tens and Hundreds Within 1,000",15,Showing Subtraction
2,5,Add and Subtract Big Numbers,C,"Strategies for Decomposing Tens and Hundreds Within 1,000",16,Smart Strategies
2,5,Add and Subtract Big Numbers,C,"Strategies for Decomposing Tens and Hundreds Within 1,000",17,"Take Away, from Hundreds!"
2,5,Add and Subtract Big Numbers,C,"Strategies for Decomposing Tens and Hundreds Within 1,000",18,Multiple Zeros
2,5,Add and Subtract Big Numbers,D,Student Explanations for Choice of Solution Methods,19,Sum Different Strategies
2,5,Add and Subtract Big Numbers,D,Student Explanations for Choice of Solution Methods,20,Strategy Selection
2,6,Equal Groups,A,Formation of Equal Groups,1,Equal Groups
2,6,Equal Groups,A,Formation of Equal Groups,2,"Add, Repeat, Complete!"
2,6,Equal Groups,A,Formation of Equal Groups,4,"Equal Groups, Equal Tapes"
2,6,Equal Groups,B,Arrays and Equal Groups,5,Groups to Array
2,6,Equal Groups,B,Arrays and Equal Groups,6,"A Row, a Column, Array"
2,6,Equal Groups,B,Arrays and Equal Groups,7,Hooray Array!
2,6,Equal Groups,B,Arrays and Equal Groups,9,Array Addition
2,6,Equal Groups,C,Rectangular Arrays as a Foundation for Multiplication and Division,10,Tile Time
2,6,Equal Groups,C,Rectangular Arrays as a Foundation for Multiplication and Division,12,Step-by-Step Arrays
2,6,Equal Groups,C,Rectangular Arrays as a Foundation for Multiplication and Division,13,Breaking Down Arrays
2,6,Equal Groups,C,Rectangular Arrays as a Foundation for Multiplication and Division,14,Array Builder
2,6,Equal Groups,C,Rectangular Arrays as a Foundation for Multiplication and Division,15,Repeated Rows
2,6,Equal Groups,D,The Meaning of Even and Odd Numbers,17,Even Doubles
2,6,Equal Groups,D,The Meaning of Even and Odd Numbers,18,Doubly Even
2,6,Equal Groups,D,The Meaning of Even and Odd Numbers,19,Odds and Evens
2,6,Equal Groups,D,The Meaning of Even and Odd Numbers,20,Even Your Odds
2,7,"Length, Money, and Data",A,Problem Solving with Categorical Data,1,Table Time
2,7,"Length, Money, and Data",A,Problem Solving with Categorical Data,2,Picturing Data
2,7,"Length, Money, and Data",A,Problem Solving with Categorical Data,4,Bar Graph Path
2,7,"Length, Money, and Data",A,Problem Solving with Categorical Data,5,Graphing Pennies
2,7,"Length, Money, and Data",B,Problem Solving with Coins and Bills,6,Clever Coins
2,7,"Length, Money, and Data",B,Problem Solving with Coins and Bills,7,Coin Count
2,7,"Length, Money, and Data",B,Problem Solving with Coins and Bills,9,Coins and Dollars
2,7,"Length, Money, and Data",B,Problem Solving with Coins and Bills,10,Change Exchange
2,7,"Length, Money, and Data",B,Problem Solving with Coins and Bills,12,The Dollar Store
2,7,"Length, Money, and Data",B,Problem Solving with Coins and Bills,13,Solving with Cents
2,7,"Length, Money, and Data",C,Creating an Inch Ruler,14,Measure for Measure
2,7,"Length, Money, and Data",C,Creating an Inch Ruler,15,Inching Forward
2,7,"Length, Money, and Data",D,Measuring and Estimating Length Using Customary and Metric Units,17,"Inches, Feet, and Yards"
2,7,"Length, Money, and Data",D,Measuring and Estimating Length Using Customary and Metric Units,19,Which Is Longer?
2,7,"Length, Money, and Data",E,Problem Solving with Customary and Metric Units,20,Sketch and Solve
2,7,"Length, Money, and Data",E,Problem Solving with Customary and Metric Units,21,Number Line Time
2,7,"Length, Money, and Data",F,Displaying Measurement Data,23,Penciling Data
2,7,"Length, Money, and Data",F,Displaying Measurement Data,24,Line Plotting
2,7,"Length, Money, and Data",F,Displaying Measurement Data,25,Draw Conclusions
2,8,"Shapes, Time, and Fractions",A,Attributes of Geometric Shapes,1,Shape Up
2,8,"Shapes, Time, and Fractions",A,Attributes of Geometric Shapes,2,Sketch Shapes
2,8,"Shapes, Time, and Fractions",A,Attributes of Geometric Shapes,3,Spot Shapes
2,8,"Shapes, Time, and Fractions",A,Attributes of Geometric Shapes,5,Quadrilaterals and More
2,8,"Shapes, Time, and Fractions",B,Composite Shapes and Fraction Concepts,7,Equal Shares
2,8,"Shapes, Time, and Fractions",B,Composite Shapes and Fraction Concepts,8,Shapes in Shapes
2,8,"Shapes, Time, and Fractions",C,"Halves, Thirds, and Fourths of Circles and Rectangles",10,"Halves, Thirds, and Fourths, Oh My!"
2,8,"Shapes, Time, and Fractions",C,"Halves, Thirds, and Fourths of Circles and Rectangles",11,Partly Described
2,8,"Shapes, Time, and Fractions",C,"Halves, Thirds, and Fourths of Circles and Rectangles",12,Same but Different
2,8,"Shapes, Time, and Fractions",D,Application of Fractions to Tell Time,13,Clock Talk
2,8,"Shapes, Time, and Fractions",D,Application of Fractions to Tell Time,15,About Time
2,8,"Shapes, Time, and Fractions",D,Application of Fractions to Tell Time,16,Time and a Half
3,1,Multiply and Divide Friendly Numbers,A,Multiplication and the Meaning of Factors,1,Need for Speed
3,1,Multiply and Divide Friendly Numbers,A,Multiplication and the Meaning of Factors,2,Can You Dig It?
3,1,Multiply and Divide Friendly Numbers,A,Multiplication and the Meaning of Factors,3,Factor! Factor!!
3,1,Multiply and Divide Friendly Numbers,B,Division as an Unknown Factor Problem,4,Cookie Cluster
3,1,Multiply and Divide Friendly Numbers,B,Division as an Unknown Factor Problem,5,Divide and Conquer
3,1,Multiply and Divide Friendly Numbers,B,Division as an Unknown Factor Problem,6,Ends with a Q
3,1,Multiply and Divide Friendly Numbers,C,Multiplication Using Units of 2 and 3,7,Flip It!
3,1,Multiply and Divide Friendly Numbers,C,Multiplication Using Units of 2 and 3,8,Flip It Well!
3,1,Multiply and Divide Friendly Numbers,C,Multiplication Using Units of 2 and 3,9,Fun Friendly Facts
3,1,Multiply and Divide Friendly Numbers,C,Multiplication Using Units of 2 and 3,10,Yes and Know
3,1,Multiply and Divide Friendly Numbers,D,Division Using Units of 2 and 3,11,"Hi, I'm Unit!"
3,1,Multiply and Divide Friendly Numbers,D,Division Using Units of 2 and 3,12,Tape Diagrams? Awesome!
3,1,Multiply and Divide Friendly Numbers,D,Division Using Units of 2 and 3,13,Lunch Crunch
3,1,Multiply and Divide Friendly Numbers,E,Multiplication and Division Using Units of 4,14,Funky Fours
3,1,Multiply and Divide Friendly Numbers,E,Multiplication and Division Using Units of 4,15,Two for One
3,1,Multiply and Divide Friendly Numbers,E,Multiplication and Division Using Units of 4,16,Facts of Five
3,1,Multiply and Divide Friendly Numbers,E,Multiplication and Division Using Units of 4,17,Working Together
3,1,Multiply and Divide Friendly Numbers,F,Distributive Property and Problem Solving Using Units of 2-5 and 10,18,Break It Up: Number Bonds
3,1,Multiply and Divide Friendly Numbers,F,Distributive Property and Problem Solving Using Units of 2-5 and 10,19,Break It Up: Arrays
3,1,Multiply and Divide Friendly Numbers,F,Distributive Property and Problem Solving Using Units of 2-5 and 10,20,Tackle the Two-Step
3,1,Multiply and Divide Friendly Numbers,F,Distributive Property and Problem Solving Using Units of 2-5 and 10,21,Step Up
3,2,Measure It,A,Time Measurement and Problem Solving,1,On Second Thought
3,2,Measure It,A,Time Measurement and Problem Solving,2,Imagine Intervals
3,2,Measure It,A,Time Measurement and Problem Solving,3,"Line Up, Round Up"
3,2,Measure It,A,Time Measurement and Problem Solving,4,Time Travel
3,2,Measure It,A,Time Measurement and Problem Solving,5,On Line Time
3,2,Measure It,B,Measuring Weight and Liquid Volume in Metric Units,6,Any Way You Slice It
3,2,Measure It,B,Measuring Weight and Liquid Volume in Metric Units,7,Weight and See
3,2,Measure It,B,Measuring Weight and Liquid Volume in Metric Units,8,Weight and Solve
3,2,Measure It,B,Measuring Weight and Liquid Volume in Metric Units,9,Waterworks
3,2,Measure It,B,Measuring Weight and Liquid Volume in Metric Units,10,A Measured Approach
3,2,Measure It,B,Measuring Weight and Liquid Volume in Metric Units,11,Treasure Every Measure
3,2,Measure It,C,Rounding to the Nearest Ten and Hundred,12,Round About!
3,2,Measure It,C,Rounding to the Nearest Ten and Hundred,13,Top Ten
3,2,Measure It,C,Rounding to the Nearest Ten and Hundred,14,Line Dance
3,2,Measure It,D,Two- and Three-Digit Measurement Addition Using the Standard Algorithm,15,Math Magician Composition
3,2,Measure It,D,Two- and Three-Digit Measurement Addition Using the Standard Algorithm,16,Rename That Unit
3,2,Measure It,D,Two- and Three-Digit Measurement Addition Using the Standard Algorithm,17,Up and Down
3,2,Measure It,E,Two- and Three-Digit Measurement Subtraction Using the Standard Algorithm,18,Do You Have Enough?
3,2,Measure It,E,Two- and Three-Digit Measurement Subtraction Using the Standard Algorithm,19,"Ready, Set, Subtract"
3,2,Measure It,E,Two- and Three-Digit Measurement Subtraction Using the Standard Algorithm,20,What's the Difference?
3,2,Measure It,E,Two- and Three-Digit Measurement Subtraction Using the Standard Algorithm,21,All Together Measure
3,3,Multiply and Divide Tricky Numbers,A,The Properties of Multiplication and Division,1,Multiplication Madness
3,3,Multiply and Divide Tricky Numbers,A,The Properties of Multiplication and Division,2,Super Five to the Rescue
3,3,Multiply and Divide Tricky Numbers,A,The Properties of Multiplication and Division,3,Math A through Z
3,3,Multiply and Divide Tricky Numbers,B,Multiplication and Division Using Units of 6 and 7,4,Hop from 6 to 10
3,3,Multiply and Divide Tricky Numbers,B,Multiplication and Division Using Units of 6 and 7,5,Skip from 7 to 10
3,3,Multiply and Divide Tricky Numbers,B,Multiplication and Division Using Units of 6 and 7,6,Super Five Returns
3,3,Multiply and Divide Tricky Numbers,B,Multiplication and Division Using Units of 6 and 7,7,Savvy Sixes and Sevens
3,3,Multiply and Divide Tricky Numbers,C,Multiplication and Division Using Units up to 8,8,(Do This First)
3,3,Multiply and Divide Tricky Numbers,C,Multiplication and Division Using Units up to 8,9,Make It Easy Peasy
3,3,Multiply and Divide Tricky Numbers,C,Multiplication and Division Using Units up to 8,10,Super Five Strikes Again
3,3,Multiply and Divide Tricky Numbers,C,Multiplication and Division Using Units up to 8,11,Figure Out Eights
3,3,Multiply and Divide Tricky Numbers,D,Multiplication and Division Using Units of 9,12,Teamwork 10
3,3,Multiply and Divide Tricky Numbers,D,Multiplication and Division Using Units of 9,13,Neat-o Nines
3,3,Multiply and Divide Tricky Numbers,D,Multiplication and Division Using Units of 9,14,Nines Made Handy
3,3,Multiply and Divide Tricky Numbers,D,Multiplication and Division Using Units of 9,15,Riddle Me Nines
3,3,Multiply and Divide Tricky Numbers,E,Analysis of Patterns and Problem Solving Including Units of 0 and 1,16,Big and Small
3,3,Multiply and Divide Tricky Numbers,E,Analysis of Patterns and Problem Solving Including Units of 0 and 1,17,Evens and Odds
3,3,Multiply and Divide Tricky Numbers,E,Analysis of Patterns and Problem Solving Including Units of 0 and 1,18,Sensible Solutions
3,3,Multiply and Divide Tricky Numbers,F,Multiplication of Single-Digit Factors and Multiples of 10,19,Know Your Place
3,3,Multiply and Divide Tricky Numbers,F,Multiplication of Single-Digit Factors and Multiples of 10,20,Do What You Want to Do
3,3,Multiply and Divide Tricky Numbers,F,Multiplication of Single-Digit Factors and Multiples of 10,21,Tackle the Tens
3,4,Find the Area,A,Foundations for Understanding Area,1,"Unit, Square Unit"
3,4,Find the Area,A,Foundations for Understanding Area,2,Shape Shifter
3,4,Find the Area,A,Foundations for Understanding Area,3,Range of Rectangles
3,4,Find the Area,A,Foundations for Understanding Area,4,Opposites Are Equal
3,4,Find the Area,B,Concepts of Area Measurement,5,Tile It
3,4,Find the Area,B,Concepts of Area Measurement,6,Clever Calculations
3,4,Find the Area,B,Concepts of Area Measurement,7,Off the Grid
3,4,Find the Area,B,Concepts of Area Measurement,8,All You Need Are Side Lengths
3,4,Find the Area,C,Arithmetic Properties Using Area Models,9,Area Awareness
3,4,Find the Area,C,Arithmetic Properties Using Area Models,10,Piece It Together
3,4,Find the Area,C,Arithmetic Properties Using Area Models,11,All the Possibilities
3,4,Find the Area,D,Applications of Area Using Side Lengths of Figures,12,A Space Odyssey
3,4,Find the Area,D,Applications of Area Using Side Lengths of Figures,13,Cut It Out
3,4,Find the Area,D,Applications of Area Using Side Lengths of Figures,14,Cut and Compose
3,4,Find the Area,D,Applications of Area Using Side Lengths of Figures,15,Area Architect
3,4,Find the Area,D,Applications of Area Using Side Lengths of Figures,16,Area Remix
3,5,Fractions as Numbers,A,Partitioning a Whole into Equal Parts,1,Fraction Folds
3,5,Fractions as Numbers,A,Partitioning a Whole into Equal Parts,2,Slice and Share
3,5,Fractions as Numbers,A,Partitioning a Whole into Equal Parts,3,Down to the Unit
3,5,Fractions as Numbers,A,Partitioning a Whole into Equal Parts,4,Whole to Parts
3,5,Fractions as Numbers,B,Unit Fractions and their Relation to the Whole,5,You Know: Unit!
3,5,Fractions as Numbers,B,Unit Fractions and their Relation to the Whole,6,Copy That
3,5,Fractions as Numbers,B,Unit Fractions and their Relation to the Whole,7,In the Shade
3,5,Fractions as Numbers,B,Unit Fractions and their Relation to the Whole,8,Fraction Bonding
3,5,Fractions as Numbers,B,Unit Fractions and their Relation to the Whole,9,"One, and Then Some"
3,5,Fractions as Numbers,C,Comparing Unit Fractions and Specifying the Whole,10,Share and Compare
3,5,Fractions as Numbers,C,Comparing Unit Fractions and Specifying the Whole,11,One to Watch
3,5,Fractions as Numbers,C,Comparing Unit Fractions and Specifying the Whole,12,You Complete Me
3,5,Fractions as Numbers,C,Comparing Unit Fractions and Specifying the Whole,13,A Whole New Whole
3,5,Fractions as Numbers,D,Fractions on the Number Line,14,Line It Up
3,5,Fractions as Numbers,D,Fractions on the Number Line,15,Partition to Place
3,5,Fractions as Numbers,D,Fractions on the Number Line,16,More than a Whole
3,5,Fractions as Numbers,D,Fractions on the Number Line,17,Fraction Excursion
3,5,Fractions as Numbers,D,Fractions on the Number Line,18,"To the Left, To the Right"
3,5,Fractions as Numbers,D,Fractions on the Number Line,19,On Line Comparison
3,5,Fractions as Numbers,E,Equivalent Fractions,20,Same Size
3,5,Fractions as Numbers,E,Equivalent Fractions,21,Same Point
3,5,Fractions as Numbers,E,Equivalent Fractions,22,Equally Same
3,5,Fractions as Numbers,E,Equivalent Fractions,23,Same Spot
3,5,Fractions as Numbers,E,Equivalent Fractions,24,Zero to One
3,5,Fractions as Numbers,E,Equivalent Fractions,25,Wonderful Ones
3,5,Fractions as Numbers,E,Equivalent Fractions,26,See the Whole
3,5,Fractions as Numbers,E,Equivalent Fractions,27,Even Stevens
3,5,Fractions as Numbers,F,"Comparison, Order, and Size of Fractions",28,Same over Different
3,5,Fractions as Numbers,F,"Comparison, Order, and Size of Fractions",29,Size 'Em Up
3,6,Display Data,A,Generate and Analyze Categorical Data,1,The Big Picture (Graph)
3,6,Display Data,A,Generate and Analyze Categorical Data,2,One Represents Two
3,6,Display Data,A,Generate and Analyze Categorical Data,3,Bar Graphing
3,6,Display Data,A,Generate and Analyze Categorical Data,4,"Don't Wing It, Graph It!"
3,6,Display Data,B,Generate and Analyze Measurement Data,5,Measure and Plot
3,6,Display Data,B,Generate and Analyze Measurement Data,6,Plotting Discovery
3,6,Display Data,B,Generate and Analyze Measurement Data,7,Line Plot Spot
3,6,Display Data,B,Generate and Analyze Measurement Data,8,Flower Plots
3,6,Display Data,B,Generate and Analyze Measurement Data,9,"Analyze This, Analyze That"
3,7,Shapes and Measurement,A,Solving Word Problems,1,Problem Patrol
3,7,Shapes and Measurement,A,Solving Word Problems,2,Know Your Unknowns
3,7,Shapes and Measurement,B,Attributes of Two-Dimensional Figures,4,Quadrilateral Corner
3,7,Shapes and Measurement,B,Attributes of Two-Dimensional Figures,5,Perplexing Polygons
3,7,Shapes and Measurement,B,Attributes of Two-Dimensional Figures,6,Polygon Pictures
3,7,Shapes and Measurement,B,Attributes of Two-Dimensional Figures,7,Area Returns
3,7,Shapes and Measurement,B,Attributes of Two-Dimensional Figures,8,The Tangram Jam
3,7,Shapes and Measurement,C,Problem Solving with Perimeter,10,Define Boundaries
3,7,Shapes and Measurement,C,Problem Solving with Perimeter,12,Finding Perimeter
3,7,Shapes and Measurement,C,Problem Solving with Perimeter,13,Sum Strategies
3,7,Shapes and Measurement,C,Problem Solving with Perimeter,14,Side Lengths?
3,7,Shapes and Measurement,C,Problem Solving with Perimeter,15,Perimeter Project
3,7,Shapes and Measurement,C,Problem Solving with Perimeter,17,Missing Measurements
3,7,Shapes and Measurement,D,Recording Perimeter and Area Data on Line Plots,18,Perimeter Quest
3,7,Shapes and Measurement,D,Recording Perimeter and Area Data on Line Plots,19,Rad Rectangles
3,7,Shapes and Measurement,D,Recording Perimeter and Area Data on Line Plots,22,Plot Perimeter
3,7,Shapes and Measurement,E,Problem Solving with Perimeter and Area,23,Perimeter Puzzler
3,7,Shapes and Measurement,E,Problem Solving with Perimeter and Area,28,Outside and In
3,7,Shapes and Measurement,E,Problem Solving with Perimeter and Area,29,Rectangular Reasoning
4,1,"Add, Subtract, and Round",A,Place Value of Multi-Digit Whole Numbers,1,Bundle Action!
4,1,"Add, Subtract, and Round",A,Place Value of Multi-Digit Whole Numbers,2,10 Times
4,1,"Add, Subtract, and Round",A,Place Value of Multi-Digit Whole Numbers,3,"Commas,"
4,1,"Add, Subtract, and Round",A,Place Value of Multi-Digit Whole Numbers,4,What's Your Name?
4,1,"Add, Subtract, and Round",B,Comparing Multi-Digit Whole Numbers,5,"<, >, or =?"
4,1,"Add, Subtract, and Round",B,Comparing Multi-Digit Whole Numbers,6,Pattern Spotter
4,1,"Add, Subtract, and Round",C,Rounding Multi-Digit Whole Numbers,7,Round and Round
4,1,"Add, Subtract, and Round",C,Rounding Multi-Digit Whole Numbers,8,"Oh, the Places You'll Round!"
4,1,"Add, Subtract, and Round",C,Rounding Multi-Digit Whole Numbers,9,Round It!
4,1,"Add, Subtract, and Round",C,Rounding Multi-Digit Whole Numbers,10,Round the World
4,1,"Add, Subtract, and Round",D,Multi-Digit Whole Number Addition,11,Add It Up
4,1,"Add, Subtract, and Round",D,Multi-Digit Whole Number Addition,12,Sum Sense
4,1,"Add, Subtract, and Round",E,Multi-Digit Whole Number Subtraction,13,Subtraction Action
4,1,"Add, Subtract, and Round",E,Multi-Digit Whole Number Subtraction,14,Take It Away
4,1,"Add, Subtract, and Round",E,Multi-Digit Whole Number Subtraction,15,Unbundling Bonanza
4,1,"Add, Subtract, and Round",E,Multi-Digit Whole Number Subtraction,16,Break It and Tape It
4,1,"Add, Subtract, and Round",F,Addition and Subtraction Word Problems,18,Reflect on Reasonableness
4,1,"Add, Subtract, and Round",F,Addition and Subtraction Word Problems,19,Tale of the Tape
4,2,Measure and Solve,A,Metric Unit Conversions,1,"Same Distance, New Units"
4,2,Measure and Solve,A,Metric Unit Conversions,2,Mix and Match
4,2,Measure and Solve,A,Metric Unit Conversions,3,Fluidly Decompose
4,2,Measure and Solve,B,Application of Metric Unit Conversions,4,Like This Like That
4,2,Measure and Solve,B,Application of Metric Unit Conversions,5,Use Your Units
4,3,Multiply and Divide Big Numbers,A,Multiplicative Comparison Word Problems,1,In 'n' Out
4,3,Multiply and Divide Big Numbers,A,Multiplicative Comparison Word Problems,2,Dynamic Dimensions
4,3,Multiply and Divide Big Numbers,A,Multiplicative Comparison Word Problems,3,"As Long, As Wide"
4,3,Multiply and Divide Big Numbers,B,"Multiplication by 10, 100, and 1,000",4,Leftward Ho
4,3,Multiply and Divide Big Numbers,B,"Multiplication by 10, 100, and 1,000",5,Extra! Extra! Zeros!
4,3,Multiply and Divide Big Numbers,B,"Multiplication by 10, 100, and 1,000",6,Free Associate
4,3,Multiply and Divide Big Numbers,C,Multiplication of up to Four Digits by Single-Digit Numbers,7,Fun with Partial Products
4,3,Multiply and Divide Big Numbers,C,Multiplication of up to Four Digits by Single-Digit Numbers,8,Twice Is Nice
4,3,Multiply and Divide Big Numbers,C,Multiplication of up to Four Digits by Single-Digit Numbers,9,Twinsies!
4,3,Multiply and Divide Big Numbers,C,Multiplication of up to Four Digits by Single-Digit Numbers,11,Area of Interest
4,3,Multiply and Divide Big Numbers,D,Multiplication Word Problems,12,"All for One, One for All"
4,3,Multiply and Divide Big Numbers,D,Multiplication Word Problems,13,These Times Are No Joke!
4,3,Multiply and Divide Big Numbers,E,Division of Tens and Ones with Successive Remainders,14,That's What's Left
4,3,Multiply and Divide Big Numbers,E,Division of Tens and Ones with Successive Remainders,15,All That Remains
4,3,Multiply and Divide Big Numbers,E,Division of Tens and Ones with Successive Remainders,16,Divisible Disks
4,3,Multiply and Divide Big Numbers,E,Division of Tens and Ones with Successive Remainders,17,Ten Is Not the End
4,3,Multiply and Divide Big Numbers,E,Division of Tens and Ones with Successive Remainders,18,Divide Those Numbers
4,3,Multiply and Divide Big Numbers,E,Division of Tens and Ones with Successive Remainders,19,Shell It Out
4,3,Multiply and Divide Big Numbers,E,Division of Tens and Ones with Successive Remainders,20,Break and Build
4,3,Multiply and Divide Big Numbers,F,Reasoning with Divisibility,22,Two of a Kind
4,3,Multiply and Divide Big Numbers,F,Reasoning with Divisibility,23,Factor Finder
4,3,Multiply and Divide Big Numbers,F,Reasoning with Divisibility,24,Mighty Multiples
4,3,Multiply and Divide Big Numbers,F,Reasoning with Divisibility,25,So Prime
4,3,Multiply and Divide Big Numbers,G,"Division of Thousands, Hundreds, Tens, and Ones",26,All My Single Digits
4,3,Multiply and Divide Big Numbers,G,"Division of Thousands, Hundreds, Tens, and Ones",27,Side by Side
4,3,Multiply and Divide Big Numbers,G,"Division of Thousands, Hundreds, Tens, and Ones",28,Real World Division
4,3,Multiply and Divide Big Numbers,G,"Division of Thousands, Hundreds, Tens, and Ones",29,The Great Divide
4,3,Multiply and Divide Big Numbers,G,"Division of Thousands, Hundreds, Tens, and Ones",30,Zero to Hero
4,3,Multiply and Divide Big Numbers,G,"Division of Thousands, Hundreds, Tens, and Ones",31,Decoding Division
4,3,Multiply and Divide Big Numbers,G,"Division of Thousands, Hundreds, Tens, and Ones",32,Are You My Remainder?
4,3,Multiply and Divide Big Numbers,H,Multiplication of Two-Digit by Two-Digit Numbers,34,Freedom of Association
4,3,Multiply and Divide Big Numbers,H,Multiplication of Two-Digit by Two-Digit Numbers,35,Tens and Ones Split
4,3,Multiply and Divide Big Numbers,H,Multiplication of Two-Digit by Two-Digit Numbers,36,Area Modeling
4,3,Multiply and Divide Big Numbers,H,Multiplication of Two-Digit by Two-Digit Numbers,37,The Two Step
4,4,"Construct Lines, Angles, and Shapes",A,Lines and Angles,1,"Points, Lines, and Rays! Oh My!"
4,4,"Construct Lines, Angles, and Shapes",A,Lines and Angles,2,All Right with Me
4,4,"Construct Lines, Angles, and Shapes",A,Lines and Angles,3,Two Lines Make a Right
4,4,"Construct Lines, Angles, and Shapes",A,Lines and Angles,4,Can't Touch This!
4,4,"Construct Lines, Angles, and Shapes",B,Angle Measurement,5,Circle Up
4,4,"Construct Lines, Angles, and Shapes",B,Angle Measurement,6,To a Degree
4,4,"Construct Lines, Angles, and Shapes",B,Angle Measurement,7,Make and Measure
4,4,"Construct Lines, Angles, and Shapes",B,Angle Measurement,8,"Turn, Turn, Turn"
4,4,"Construct Lines, Angles, and Shapes",C,Problem Solving with the Addition of Angle Measures,9,Sum Angles
4,4,"Construct Lines, Angles, and Shapes",C,Problem Solving with the Addition of Angle Measures,10,The Great Angle Mystery
4,4,"Construct Lines, Angles, and Shapes",D,Two-Dimensional Figures and Symmetry,12,So Symmetrical
4,4,"Construct Lines, Angles, and Shapes",D,Two-Dimensional Figures and Symmetry,13,Name That Triangle
4,4,"Construct Lines, Angles, and Shapes",D,Two-Dimensional Figures and Symmetry,14,What's Your Angle?
4,4,"Construct Lines, Angles, and Shapes",D,Two-Dimensional Figures and Symmetry,15,Four Sides — Four Angles
4,5,Equivalent Fractions,A,Decomposition and Fraction Equivalence,1,Decompose. Compose. Repeat.
4,5,Equivalent Fractions,A,Decomposition and Fraction Equivalence,2,Decompose and Group
4,5,Equivalent Fractions,A,Decomposition and Fraction Equivalence,3,Decompose and Multiply
4,5,Equivalent Fractions,A,Decomposition and Fraction Equivalence,4,Different Decompositions
4,5,Equivalent Fractions,A,Decomposition and Fraction Equivalence,5,Same Share
4,5,Equivalent Fractions,A,Decomposition and Fraction Equivalence,6,Area Model - Breakdown!
4,5,Equivalent Fractions,B,Fraction Equivalence Using Multiplication and Division,7,Same Area
4,5,Equivalent Fractions,B,Fraction Equivalence Using Multiplication and Division,8,Multiply for Equality?
4,5,Equivalent Fractions,B,Fraction Equivalence Using Multiplication and Division,9,"Same Fraction, Fewer Parts"
4,5,Equivalent Fractions,B,Fraction Equivalence Using Multiplication and Division,10,"Same Fraction, Fewest Parts"
4,5,Equivalent Fractions,B,Fraction Equivalence Using Multiplication and Division,11,Fraction Line Up!
4,5,Equivalent Fractions,C,Fraction Comparison,12,Benchmark Bonanza
4,5,Equivalent Fractions,C,Fraction Comparison,13,Benchmark to Compare
4,5,Equivalent Fractions,C,Fraction Comparison,14,Make the Same to Compare
4,5,Equivalent Fractions,C,Fraction Comparison,15,United Units
4,5,Equivalent Fractions,D,Fraction Addition and Subtraction,16,Like Units Make It Work
4,5,Equivalent Fractions,D,Fraction Addition and Subtraction,17,Whole Use
4,5,Equivalent Fractions,D,Fraction Addition and Subtraction,18,Three's Company
4,5,Equivalent Fractions,D,Fraction Addition and Subtraction,19,Word Play
4,5,Equivalent Fractions,D,Fraction Addition and Subtraction,20,"Like Units, Like Sum"
4,5,Equivalent Fractions,D,Fraction Addition and Subtraction,21,Sum It Up
4,5,Equivalent Fractions,E,Extending Fraction Equivalence to Fractions Greater than 1,22,Fraction To/Fraction From
4,5,Equivalent Fractions,E,Extending Fraction Equivalence to Fractions Greater than 1,23,Fraction Build-up
4,5,Equivalent Fractions,E,Extending Fraction Equivalence to Fractions Greater than 1,24,Beyond the Whole
4,5,Equivalent Fractions,E,Extending Fraction Equivalence to Fractions Greater than 1,25,Form Follows Function
4,5,Equivalent Fractions,E,Extending Fraction Equivalence to Fractions Greater than 1,26,Benchmark Boogie
4,5,Equivalent Fractions,E,Extending Fraction Equivalence to Fractions Greater than 1,27,We Like Units
4,5,Equivalent Fractions,E,Extending Fraction Equivalence to Fractions Greater than 1,28,Spotting and Plotting
4,5,Equivalent Fractions,F,Addition and Subtraction of Fractions by Decomposition,29,Estimation Station
4,5,Equivalent Fractions,F,Addition and Subtraction of Fractions by Decomposition,30,"Sum Mixed, Sum Not"
4,5,Equivalent Fractions,F,Addition and Subtraction of Fractions by Decomposition,31,Mixed Sums
4,5,Equivalent Fractions,F,Addition and Subtraction of Fractions by Decomposition,32,Count Back to Subtract
4,5,Equivalent Fractions,F,Addition and Subtraction of Fractions by Decomposition,33,Break Down to Subtract
4,5,Equivalent Fractions,G,Repeated Addition of Fractions as Multiplication,35,Associate How You Like
4,5,Equivalent Fractions,G,Repeated Addition of Fractions as Multiplication,36,Fast Times
4,5,Equivalent Fractions,G,Repeated Addition of Fractions as Multiplication,37,Multiply Mix
4,5,Equivalent Fractions,G,Repeated Addition of Fractions as Multiplication,39,Prepare to Compare
4,5,Equivalent Fractions,G,Repeated Addition of Fractions as Multiplication,40,Plotting Along
4,6,Decimal Fractions,A,Exploration of Tenths,1,On Point
4,6,Decimal Fractions,A,Exploration of Tenths,2,"Shaded Fractions, Shaded Decimals"
4,6,Decimal Fractions,A,Exploration of Tenths,3,Equivalence Extravaganza
4,6,Decimal Fractions,B,Tenths and Hundredths,4,From Tenths to Hundredths
4,6,Decimal Fractions,B,Tenths and Hundredths,5,"Same Value, Different Name"
4,6,Decimal Fractions,B,Tenths and Hundredths,6,Zoom! Plot!
4,6,Decimal Fractions,B,Tenths and Hundredths,7,E x p a n d
4,6,Decimal Fractions,B,Tenths and Hundredths,8,"Ones, Tenths, Hundredths, Oh My!"
4,6,Decimal Fractions,C,Decimal Comparison,9,"PVC, Easy as 0.1, 0.2, 0.3"
4,6,Decimal Fractions,C,Decimal Comparison,10,Compare with Flair
4,6,Decimal Fractions,D,Addition with Tenths and Hundredths,12,Add Your Understanding
4,6,Decimal Fractions,D,Addition with Tenths and Hundredths,13,Decimal + Decimal
4,6,Decimal Fractions,D,Addition with Tenths and Hundredths,14,For Good Measure
4,6,Decimal Fractions,E,Money Amounts as Decimal Numbers,15,"Money, Money, Money!"
4,6,Decimal Fractions,E,Money Amounts as Decimal Numbers,16,"Mo' Money, Mo' Math"
4,7,Multiply and Measure,A,Measurement Conversion Tables,1,Conversion Counts
4,7,Multiply and Measure,A,Measurement Conversion Tables,2,Conversion Rules
4,7,Multiply and Measure,A,Measurement Conversion Tables,3,Conversion Time
4,7,Multiply and Measure,A,Measurement Conversion Tables,4,Conversion Immersion
4,7,Multiply and Measure,A,Measurement Conversion Tables,5,Alert: Must Convert
4,7,Multiply and Measure,B,Problem Solving with Measurement,6,Mixed Unit Strategies
4,7,Multiply and Measure,B,Problem Solving with Measurement,7,"Inch to Foot, Feet to Yards"
4,7,Multiply and Measure,B,Problem Solving with Measurement,10,Minutes and Miles
4,7,Multiply and Measure,B,Problem Solving with Measurement,11,Multi-Step Measure
4,7,Multiply and Measure,C,Investigation of Measurements Expressed as Mixed Numbers,12,Action Fraction Units
4,7,Multiply and Measure,C,Investigation of Measurements Expressed as Mixed Numbers,13,Conversion Continued
4,7,Multiply and Measure,C,Investigation of Measurements Expressed as Mixed Numbers,14,Convert-a-rama!
5,1,Place Value with Decimal Fractions,A,Multiplicative Patterns on the Place Value Chart,1,Move the Digits
5,1,Place Value with Decimal Fractions,A,Multiplicative Patterns on the Place Value Chart,2,Digit Dance
5,1,Place Value with Decimal Fractions,A,Multiplicative Patterns on the Place Value Chart,3,Excellence with Exponents
5,1,Place Value with Decimal Fractions,A,Multiplicative Patterns on the Place Value Chart,4,"Millimeters, Centimeters, Meters"
5,1,Place Value with Decimal Fractions,B,Decimal Fractions and Place Value Patterns,5,Name That Decimal
5,1,Place Value with Decimal Fractions,B,Decimal Fractions and Place Value Patterns,6,Classy Comparisons
5,1,Place Value with Decimal Fractions,C,Place Value and Rounding Decimal Fractions,7,Decimal Round
5,1,Place Value with Decimal Fractions,C,Place Value and Rounding Decimal Fractions,8,More Rounding
5,1,Place Value with Decimal Fractions,D,Adding and Subtracting Decimals,9,Add by Place
5,1,Place Value with Decimal Fractions,D,Adding and Subtracting Decimals,10,Place to Subtract
5,1,Place Value with Decimal Fractions,E,Multiplying Decimals,11,Copying Decimals
5,1,Place Value with Decimal Fractions,E,Multiplying Decimals,12,What's Reasonable?
5,1,Place Value with Decimal Fractions,F,Dividing Decimals,13,Mindful Division
5,1,Place Value with Decimal Fractions,F,Dividing Decimals,14,Decimal Division
5,1,Place Value with Decimal Fractions,F,Dividing Decimals,15,Dynamo Division
5,1,Place Value with Decimal Fractions,F,Dividing Decimals,16,Decimal Problem Solving
5,2,Base Ten Operations,A,Mental Strategies for Multi-Digit Whole Number Multiplication,1,Multiplication Magic
5,2,Base Ten Operations,A,Mental Strategies for Multi-Digit Whole Number Multiplication,2,Multiplication Estimation
5,2,Base Ten Operations,B,The Standard Algorithm for Multi- Digit Whole Number Multiplication,3,What Does That Say?
5,2,Base Ten Operations,B,The Standard Algorithm for Multi- Digit Whole Number Multiplication,4,Mental Math Multiplication
5,2,Base Ten Operations,B,The Standard Algorithm for Multi- Digit Whole Number Multiplication,5,Area Model Multiplication
5,2,Base Ten Operations,B,The Standard Algorithm for Multi- Digit Whole Number Multiplication,6,Area Model Multiplication Returns
5,2,Base Ten Operations,B,The Standard Algorithm for Multi- Digit Whole Number Multiplication,7,Area Model Multiplication Again
5,2,Base Ten Operations,B,The Standard Algorithm for Multi- Digit Whole Number Multiplication,8,Is It Reasonable?
5,2,Base Ten Operations,B,The Standard Algorithm for Multi- Digit Whole Number Multiplication,9,Multi-Multiply
5,2,Base Ten Operations,C,Decimal Multi-Digit Multiplication,10,Times Tenths
5,2,Base Ten Operations,C,Decimal Multi-Digit Multiplication,11,Excellent Estimation
5,2,Base Ten Operations,C,Decimal Multi-Digit Multiplication,12,"Multiplying, It's Magic!"
5,2,Base Ten Operations,D,Measurement Word Problems with Whole Number and Decimal Multiplication,13,Multiply to Convert
5,2,Base Ten Operations,D,Measurement Word Problems with Whole Number and Decimal Multiplication,14,Cool Conversions
5,2,Base Ten Operations,D,Measurement Word Problems with Whole Number and Decimal Multiplication,15,Convert to Solve
5,2,Base Ten Operations,E,Mental Strategies for Multi-Digit Whole Number Division,16,Place Value Division
5,2,Base Ten Operations,E,Mental Strategies for Multi-Digit Whole Number Division,17,More Excellent Estimation
5,2,Base Ten Operations,E,Mental Strategies for Multi-Digit Whole Number Division,18,Most Excellent Estimation
5,2,Base Ten Operations,F,Partial Quotients and Multi-Digit Whole Number Division,19,Dare to Divide
5,2,Base Ten Operations,F,Partial Quotients and Multi-Digit Whole Number Division,20,Division Precision
5,2,Base Ten Operations,F,Partial Quotients and Multi-Digit Whole Number Division,21,Division Diver
5,2,Base Ten Operations,F,Partial Quotients and Multi-Digit Whole Number Division,22,Dramatic Division
5,2,Base Ten Operations,F,Partial Quotients and Multi-Digit Whole Number Division,23,Division Diver Duo
5,2,Base Ten Operations,G,Partial Quotients and Multi-Digit Decimal Division,24,Divide the Decimal
5,2,Base Ten Operations,G,Partial Quotients and Multi-Digit Decimal Division,25,Estimating Quotients
5,2,Base Ten Operations,G,Partial Quotients and Multi-Digit Decimal Division,26,Dividing with Decimals
5,2,Base Ten Operations,G,Partial Quotients and Multi-Digit Decimal Division,27,Decimal Division Remix
5,2,Base Ten Operations,H,Measurement Word Problems with Multi-Digit Division,28,Dynamite Division
5,2,Base Ten Operations,H,Measurement Word Problems with Multi-Digit Division,29,Deeper Dynamite Division
5,3,Add and Subtract Fractions,A,Equivalent Fractions,1,Equivalent Fractions!
5,3,Add and Subtract Fractions,A,Equivalent Fractions,2,More Equivalent Fractions
5,3,Add and Subtract Fractions,B,Making Like Units Pictorially,3,Make Like Units to Add
5,3,Add and Subtract Fractions,B,Making Like Units Pictorially,4,Fraction Addition
5,3,Add and Subtract Fractions,B,Making Like Units Pictorially,5,Make Like Units to Subtract
5,3,Add and Subtract Fractions,B,Making Like Units Pictorially,6,Fraction Subtraction
5,3,Add and Subtract Fractions,B,Making Like Units Pictorially,7,Fraction Problem Solving
5,3,Add and Subtract Fractions,C,Making Like Units Numerically,8,Make It Easier
5,3,Add and Subtract Fractions,C,Making Like Units Numerically,9,Lovely Like Units
5,3,Add and Subtract Fractions,C,Making Like Units Numerically,10,Add Mixed
5,3,Add and Subtract Fractions,C,Making Like Units Numerically,11,Mixed Minus Mixed
5,3,Add and Subtract Fractions,C,Making Like Units Numerically,12,Mixed Methods
5,3,Add and Subtract Fractions,D,Further Applications,13,Mighty Mental Math
5,3,Add and Subtract Fractions,D,Further Applications,14,Rearrange and Solve
5,3,Add and Subtract Fractions,D,Further Applications,15,Fractions in Action
5,3,Add and Subtract Fractions,D,Further Applications,16,How Long?
5,4,Multiply and Divide Fractions and Decimals,A,Line Plots of Fraction Measurements,1,"Measure It, Plot It"
5,4,Multiply and Divide Fractions and Decimals,B,Fractions as Division,2,Divide S'more
5,4,Multiply and Divide Fractions and Decimals,B,Fractions as Division,3,Equal Sequel
5,4,Multiply and Divide Fractions and Decimals,B,Fractions as Division,4,Divide the Tape
5,4,Multiply and Divide Fractions and Decimals,B,Fractions as Division,5,Draw Then Divide
5,4,Multiply and Divide Fractions and Decimals,C,Multiplication of a Whole Number by a Fraction,6,Group Division
5,4,Multiply and Divide Fractions and Decimals,C,Multiplication of a Whole Number by a Fraction,7,Tape Fractions
5,4,Multiply and Divide Fractions and Decimals,C,Multiplication of a Whole Number by a Fraction,8,Multiplying Fractions
5,4,Multiply and Divide Fractions and Decimals,C,Multiplication of a Whole Number by a Fraction,9,Larger to Smaller
5,4,Multiply and Divide Fractions and Decimals,D,Fraction Expressions and Word Problems,10,Mighty Writing
5,4,Multiply and Divide Fractions and Decimals,D,Fraction Expressions and Word Problems,11,Partition Problems
5,4,Multiply and Divide Fractions and Decimals,D,Fraction Expressions and Word Problems,12,Picture the Parts
5,4,Multiply and Divide Fractions and Decimals,E,Multiplication of a Fraction by a Fraction,13,Fractions of Fractions
5,4,Multiply and Divide Fractions and Decimals,E,Multiplication of a Fraction by a Fraction,14,"Fractions, Fractions...FRACTIONS!"
5,4,Multiply and Divide Fractions and Decimals,E,Multiplication of a Fraction by a Fraction,15,Funky Fractions
5,4,Multiply and Divide Fractions and Decimals,E,Multiplication of a Fraction by a Fraction,16,Space Tapes
5,4,Multiply and Divide Fractions and Decimals,E,Multiplication of a Fraction by a Fraction,17,Fractions to Decimals
5,4,Multiply and Divide Fractions and Decimals,E,Multiplication of a Fraction by a Fraction,18,Multiplication Mountain
5,4,Multiply and Divide Fractions and Decimals,E,Multiplication of a Fraction by a Fraction,19,Cooler Conversions
5,4,Multiply and Divide Fractions and Decimals,E,Multiplication of a Fraction by a Fraction,20,Conversions Return
5,4,Multiply and Divide Fractions and Decimals,F,Multiplication with Fractions and Decimals as Scaling and Word Problems,21,Multiply by One
5,4,Multiply and Divide Fractions and Decimals,F,Multiplication with Fractions and Decimals as Scaling and Word Problems,22,Scale It
5,4,Multiply and Divide Fractions and Decimals,F,Multiplication with Fractions and Decimals as Scaling and Word Problems,23,Scale It (The Remix)
5,4,Multiply and Divide Fractions and Decimals,F,Multiplication with Fractions and Decimals as Scaling and Word Problems,24,Figuring Fractions and Decimals
5,4,Multiply and Divide Fractions and Decimals,G,Division of Fractions and Decimal Fractions,25,Dividing Two Ways
5,4,Multiply and Divide Fractions and Decimals,G,Division of Fractions and Decimal Fractions,26,Divide the Part
5,4,Multiply and Divide Fractions and Decimals,G,Division of Fractions and Decimal Fractions,27,Partition Power
5,4,Multiply and Divide Fractions and Decimals,G,Division of Fractions and Decimal Fractions,29,Dividing Decimals Reasonably
5,4,Multiply and Divide Fractions and Decimals,G,Division of Fractions and Decimal Fractions,30,Decimals Dividing Decimals
5,4,Multiply and Divide Fractions and Decimals,G,Division of Fractions and Decimal Fractions,31,Decimal Division Deluxe
5,4,Multiply and Divide Fractions and Decimals,H,Interpretation of Numerical Expressions,32,Words To Numbers
5,4,Multiply and Divide Fractions and Decimals,H,Interpretation of Numerical Expressions,33,Draw the Division
5,5,"Volume, Area, and Shapes",A,Concepts of Volume,1,Getting into 3-D
5,5,"Volume, Area, and Shapes",A,Concepts of Volume,2,Voyage into Volume
5,5,"Volume, Area, and Shapes",A,Concepts of Volume,3,Layered Volume
5,5,"Volume, Area, and Shapes",B,Volume and the Operations of Multiplication and Addition,4,"Length, Width, Height...Volume!"
5,5,"Volume, Area, and Shapes",B,Volume and the Operations of Multiplication and Addition,5,Fishy Volume
5,5,"Volume, Area, and Shapes",B,Volume and the Operations of Multiplication and Addition,6,Stack Em'
5,5,"Volume, Area, and Shapes",B,Volume and the Operations of Multiplication and Addition,7,Difficult Dimensions
5,5,"Volume, Area, and Shapes",C,Area of Rectangular Figures with Fractional Side Lengths,10,Tackling Tiles
5,5,"Volume, Area, and Shapes",C,Area of Rectangular Figures with Fractional Side Lengths,11,Tiny Tiles
5,5,"Volume, Area, and Shapes",C,Area of Rectangular Figures with Fractional Side Lengths,12,Fractional Sides
5,5,"Volume, Area, and Shapes",C,Area of Rectangular Figures with Fractional Side Lengths,13,Fraction Dimensions
5,5,"Volume, Area, and Shapes",C,Area of Rectangular Figures with Fractional Side Lengths,14,What's the Area?
5,5,"Volume, Area, and Shapes",C,Area of Rectangular Figures with Fractional Side Lengths,15,Dive into Dimensions
5,5,"Volume, Area, and Shapes",D,"Drawing, Analysis, and Classification of Two-Dimensional Shapes",16,Tricky Trapezoids
5,5,"Volume, Area, and Shapes",D,"Drawing, Analysis, and Classification of Two-Dimensional Shapes",17,Parallelogram Properties
5,5,"Volume, Area, and Shapes",D,"Drawing, Analysis, and Classification of Two-Dimensional Shapes",18,Rhombuses and Rectangles
5,5,"Volume, Area, and Shapes",D,"Drawing, Analysis, and Classification of Two-Dimensional Shapes",19,Hip to Be Square
5,5,"Volume, Area, and Shapes",D,"Drawing, Analysis, and Classification of Two-Dimensional Shapes",20,The Shape of Things
5,5,"Volume, Area, and Shapes",D,"Drawing, Analysis, and Classification of Two-Dimensional Shapes",21,Shape Reader
5,6,The Coordinate Plane,A,Coordinate Systems,1,Cool Coordinates
5,6,The Coordinate Plane,A,Coordinate Systems,2,Coordinate Pairs
5,6,The Coordinate Plane,A,Coordinate Systems,3,Star Coordinates
5,6,The Coordinate Plane,A,Coordinate Systems,5,Lining Up
5,6,The Coordinate Plane,A,Coordinate Systems,6,Coordinate Plane Puzzles
5,6,The Coordinate Plane,B,Patterns in the Coordinate Plane and Graphing Number Patterns from Rules,7,That's the Point
5,6,The Coordinate Plane,B,Patterns in the Coordinate Plane and Graphing Number Patterns from Rules,8,Plot the Rule
5,6,The Coordinate Plane,B,Patterns in the Coordinate Plane and Graphing Number Patterns from Rules,9,Lasers on a Plane
5,6,The Coordinate Plane,B,Patterns in the Coordinate Plane and Graphing Number Patterns from Rules,10,Lines with Sparkle
5,6,The Coordinate Plane,C,Drawing Figures in the Coordinate Plane,14,Pairs and Parallels
5,6,The Coordinate Plane,C,Drawing Figures in the Coordinate Plane,15,Perpendicular Pals
5,6,The Coordinate Plane,D,Problem Solving in the Coordinate Plane,18,Stellar Symmetry
5,6,The Coordinate Plane,D,Problem Solving in the Coordinate Plane,19,Line Graph Greatness
5,6,The Coordinate Plane,D,Problem Solving in the Coordinate Plane,20,Line Graphs Return
5,6,The Coordinate Plane,E,Multi-Step Word Problems,21,Perplexing Problems: Part 1
5,6,The Coordinate Plane,E,Multi-Step Word Problems,22,Perplexing Problems: Part 2
5,6,The Coordinate Plane,E,Multi-Step Word Problems,23,Perplexing Problems: Part 3
5,6,The Coordinate Plane,E,Multi-Step Word Problems,24,Perplexing Problems: Part 4
5,6,The Coordinate Plane,F,The Years In Review: A Reflection on Zearn Math K-5,26,Far out Expressions
5,6,The Coordinate Plane,F,The Years In Review: A Reflection on Zearn Math K-5,27,Word Problem Wheel
5,6,The Coordinate Plane,F,The Years In Review: A Reflection on Zearn Math K-5,28,Fluency Round Up
5,6,The Coordinate Plane,F,The Years In Review: A Reflection on Zearn Math K-5,29,Geometry Carnival
5,6,The Coordinate Plane,F,The Years In Review: A Reflection on Zearn Math K-5,30,Geometry Carnival Returns
5,6,The Coordinate Plane,F,The Years In Review: A Reflection on Zearn Math K-5,32,Zearnland Savings
6,1,Area and Surface Area,A,Reasoning to Find Area,1,Tiling the Plane
6,1,Area and Surface Area,A,Reasoning to Find Area,2,Finding Area by Decomposing and Rearranging
6,1,Area and Surface Area,A,Reasoning to Find Area,3,Reasoning to Find Area
6,1,Area and Surface Area,B,Parallelograms,4,Parallelograms
6,1,Area and Surface Area,B,Parallelograms,5,Bases and Heights of Parallelograms
6,1,Area and Surface Area,B,Parallelograms,6,Area of Parallelograms
6,1,Area and Surface Area,C,Triangles,7,From Parallelograms to Triangles
6,1,Area and Surface Area,C,Triangles,8,Area of Triangles
6,1,Area and Surface Area,C,Triangles,9,Formula for the Area of a Triangle
6,1,Area and Surface Area,C,Triangles,10,Bases and Heights of Triangles
6,1,Area and Surface Area,D,Polygons,11,Polygons
6,1,Area and Surface Area,E,Surface Area,12,What Is Surface Area?
6,1,Area and Surface Area,E,Surface Area,13,Polyhedra
6,1,Area and Surface Area,E,Surface Area,14,Nets and Surface Area
6,1,Area and Surface Area,E,Surface Area,15,"More Nets, More Surface Area"
6,1,Area and Surface Area,F,Squares and Cubes,17,Squares and Cubes
6,1,Area and Surface Area,F,Squares and Cubes,18,Surface Area of a Cube
6,2,Introducing Ratios,A,What Are Ratios?,1,Introducing Ratios and Ratio Language
6,2,Introducing Ratios,A,What Are Ratios?,2,Representing Ratios with Diagrams
6,2,Introducing Ratios,B,Equivalent Ratios,3,Recipes
6,2,Introducing Ratios,B,Equivalent Ratios,4,Color Mixtures
6,2,Introducing Ratios,B,Equivalent Ratios,5,Defining Equivalent Ratios
6,2,Introducing Ratios,C,Representing Equivalent Ratios,6,Introducing Double Number Line Diagrams
6,2,Introducing Ratios,C,Representing Equivalent Ratios,7,Creating Double Number Line Diagrams
6,2,Introducing Ratios,C,Representing Equivalent Ratios,8,How Much for One?
6,2,Introducing Ratios,C,Representing Equivalent Ratios,9,Constant Speed
6,2,Introducing Ratios,C,Representing Equivalent Ratios,10,Comparing Situations by Examining Ratios
6,2,Introducing Ratios,D,Solving Ratio and Rate Problems,11,Representing Ratios with Tables
6,2,Introducing Ratios,D,Solving Ratio and Rate Problems,12,Navigating a Table of Equivalent Ratios
6,2,Introducing Ratios,D,Solving Ratio and Rate Problems,13,Tables and Double Number Line Diagrams
6,2,Introducing Ratios,D,Solving Ratio and Rate Problems,14,Solving Equivalent Ratio Problems
6,2,Introducing Ratios,E,Part-Part-Whole Ratios,15,Part-Part-Whole Ratios
6,2,Introducing Ratios,E,Part-Part-Whole Ratios,16,Solving More Ratio Problems
6,3,Unit Rates and Percentages,A,Using Unit Rate to Solve Problems,1,Using Unit Rate to Solve Problems
6,3,Unit Rates and Percentages,B,Unit Conversion,3,Measuring with Different-Sized Units
6,3,Unit Rates and Percentages,B,Unit Conversion,4,Converting Units
6,3,Unit Rates and Percentages,C,Rates,5,Comparing Speeds and Prices
6,3,Unit Rates and Percentages,C,Rates,6,Interpreting Rates
6,3,Unit Rates and Percentages,C,Rates,7,Equivalent Ratios Have the Same Unit Rates
6,3,Unit Rates and Percentages,C,Rates,8,More about Constant Speed
6,3,Unit Rates and Percentages,C,Rates,9,Solving Rate Problems
6,3,Unit Rates and Percentages,D,Percentages,11,Percentages and Double Number Lines
6,3,Unit Rates and Percentages,D,Percentages,12,Percentages and Tape Diagrams
6,3,Unit Rates and Percentages,D,Percentages,13,Benchmark Percentages
6,3,Unit Rates and Percentages,D,Percentages,14,Solving Percentage Problems
6,3,Unit Rates and Percentages,D,Percentages,15,Finding This Percent of That
6,3,Unit Rates and Percentages,D,Percentages,16,Finding the Percentage
6,4,Dividing Fractions,A,Making Sense of Division,1,Size of Divisor and Size of Quotient
6,4,Dividing Fractions,A,Making Sense of Division,2,Meanings of Division
6,4,Dividing Fractions,A,Making Sense of Division,3,Interpreting Division Situations
6,4,Dividing Fractions,B,Meanings of Fraction Division,4,How Many Groups? (Part 1)
6,4,Dividing Fractions,B,Meanings of Fraction Division,5,How Many Groups? (Part 2)
6,4,Dividing Fractions,B,Meanings of Fraction Division,6,Using Diagrams to Find the Number of Groups
6,4,Dividing Fractions,B,Meanings of Fraction Division,7,What Fraction of a Group?
6,4,Dividing Fractions,B,Meanings of Fraction Division,8,How Much in Each Group? (Part 1)
6,4,Dividing Fractions,B,Meanings of Fraction Division,9,How Much in Each Group? (Part 2)
6,4,Dividing Fractions,C,Algorithm for Fraction Division,10,Dividing by Unit and Non-Unit Fractions
6,4,Dividing Fractions,C,Algorithm for Fraction Division,11,Using an Algorithm to Divide Fractions
6,4,Dividing Fractions,D,"Fractions in Lengths, Areas, and Volumes",12,Fractional Lengths
6,4,Dividing Fractions,D,"Fractions in Lengths, Areas, and Volumes",13,Rectangles with Fractional Side Lengths
6,4,Dividing Fractions,D,"Fractions in Lengths, Areas, and Volumes",14,Fractional Lengths in Triangles and Prisms
6,4,Dividing Fractions,D,"Fractions in Lengths, Areas, and Volumes",15,Volume of Prisms
6,4,Dividing Fractions,E,Let's Put It to Work,16,Solving Problems Involving Fractions
6,5,Arithmetic in Base Ten,A,Warming up to Decimals,1,Using Decimals in a Shopping Context
6,5,Arithmetic in Base Ten,B,Adding and Subtracting Decimals,2,Using Diagrams to Represent Addition and Subtraction
6,5,Arithmetic in Base Ten,B,Adding and Subtracting Decimals,3,Adding and Subtracting Decimals with Few Non-Zero Digits
6,5,Arithmetic in Base Ten,B,Adding and Subtracting Decimals,4,Adding and Subtracting Decimals with Many Non-Zero Digits
6,5,Arithmetic in Base Ten,C,Multiplying Decimals,5,Decimal Points in Products
6,5,Arithmetic in Base Ten,C,Multiplying Decimals,6,Methods for Multiplying Decimals
6,5,Arithmetic in Base Ten,C,Multiplying Decimals,7,Using Diagrams to Represent Multiplication
6,5,Arithmetic in Base Ten,C,Multiplying Decimals,8,Calculating Products of Decimals
6,5,Arithmetic in Base Ten,D,Dividing Decimals,9,Using the Partial Quotients Method
6,5,Arithmetic in Base Ten,D,Dividing Decimals,10,Using Long Division
6,5,Arithmetic in Base Ten,D,Dividing Decimals,11,Dividing Numbers that Result in Decimals
6,5,Arithmetic in Base Ten,D,Dividing Decimals,12,Dividing Decimals by Whole Numbers
6,5,Arithmetic in Base Ten,D,Dividing Decimals,13,Dividing Decimals by Decimals
6,5,Arithmetic in Base Ten,E,Let's Put It to Work,14,Using Operations on Decimals to Solve Problems
6,6,Expressions and Equations,A,Equations in One Variable,1,Tape Diagrams and Equations
6,6,Expressions and Equations,A,Equations in One Variable,2,Truth and Equations
6,6,Expressions and Equations,A,Equations in One Variable,3,Staying in Balance
6,6,Expressions and Equations,A,Equations in One Variable,4,Practice Solving Equations and Representing Situations with Equations
6,6,Expressions and Equations,A,Equations in One Variable,5,A New Way to Interpret a over b
6,6,Expressions and Equations,B,Equal and Equivalent,6,Write Expressions Where Letters Stand for Numbers
6,6,Expressions and Equations,B,Equal and Equivalent,7,Revisit Percentages
6,6,Expressions and Equations,B,Equal and Equivalent,8,Equal and Equivalent
6,6,Expressions and Equations,B,Equal and Equivalent,9,"The Distributive Property, Part 1"
6,6,Expressions and Equations,B,Equal and Equivalent,10,"The Distributive Property, Part 2"
6,6,Expressions and Equations,C,Expressions with Exponents,12,Meaning of Exponents
6,6,Expressions and Equations,C,Expressions with Exponents,13,Expressions with Exponents
6,6,Expressions and Equations,C,Expressions with Exponents,14,Evaluating Expressions with Exponents
6,6,Expressions and Equations,C,Expressions with Exponents,15,Equivalent Exponential Expressions
6,6,Expressions and Equations,D,Relationships Between Quantities,16,"Two Related Quantities, Part 1"
6,6,Expressions and Equations,D,Relationships Between Quantities,17,"Two Related Quantities, Part 2"
6,7,Rational Numbers,A,Negative Numbers and Absolute Value,1,Positive and Negative Numbers
6,7,Rational Numbers,A,Negative Numbers and Absolute Value,2,Points on the Number Line
6,7,Rational Numbers,A,Negative Numbers and Absolute Value,3,Comparing Positive and Negative Numbers
6,7,Rational Numbers,A,Negative Numbers and Absolute Value,4,Ordering Rational Numbers
6,7,Rational Numbers,A,Negative Numbers and Absolute Value,5,Using Negative Numbers to Make Sense of Contexts
6,7,Rational Numbers,A,Negative Numbers and Absolute Value,6,Absolute Value of Numbers
6,7,Rational Numbers,A,Negative Numbers and Absolute Value,7,Comparing Numbers and Distance from Zero
6,7,Rational Numbers,B,Inequalities,8,Writing and Graphing Inequalities
6,7,Rational Numbers,B,Inequalities,9,Solutions of Inequalities
6,7,Rational Numbers,B,Inequalities,10,Interpreting Inequalities
6,7,Rational Numbers,C,The Coordinate Plane,11,Points on the Coordinate Plane
6,7,Rational Numbers,C,The Coordinate Plane,12,Constructing the Coordinate Plane
6,7,Rational Numbers,C,The Coordinate Plane,13,Interpreting Points on a Coordinate Plane
6,7,Rational Numbers,C,The Coordinate Plane,14,Distances on a Coordinate Plane
6,7,Rational Numbers,C,The Coordinate Plane,15,Shapes on the Coordinate Plane
6,7,Rational Numbers,D,Common Factors and Common Multiples,16,Common Factors
6,7,Rational Numbers,D,Common Factors and Common Multiples,17,Common Multiples
6,7,Rational Numbers,D,Common Factors and Common Multiples,18,Using Common Multiples and Common Factors
6,8,Data Sets and Distributions,A,"Data, Variability, and Statistical Questions",1,Got Data?
6,8,Data Sets and Distributions,A,"Data, Variability, and Statistical Questions",2,Statistical Questions
6,8,Data Sets and Distributions,A,"Data, Variability, and Statistical Questions",3,Representing Data Graphically
6,8,Data Sets and Distributions,B,Dot Plots and Histograms,4,Dot Plots
6,8,Data Sets and Distributions,B,Dot Plots and Histograms,5,Using Dot Plots to Answer Statistical Questions
6,8,Data Sets and Distributions,B,Dot Plots and Histograms,6,Histograms
6,8,Data Sets and Distributions,B,Dot Plots and Histograms,7,Using Histograms to Answer Statistical Questions
6,8,Data Sets and Distributions,B,Dot Plots and Histograms,8,Describing Distributions on Histograms
6,8,Data Sets and Distributions,C,Mean and MAD,9,Interpreting the Mean as Fair Share
6,8,Data Sets and Distributions,C,Mean and MAD,10,Finding and Interpreting the Mean as the Balance Point
6,8,Data Sets and Distributions,C,Mean and MAD,11,Deviation from the Mean
6,8,Data Sets and Distributions,C,Mean and MAD,12,Using Mean and MAD to Make Comparisons
6,8,Data Sets and Distributions,D,Median and IQR,13,The Median of a Data Set
6,8,Data Sets and Distributions,D,Median and IQR,14,Comparing Mean and Median
6,8,Data Sets and Distributions,D,Median and IQR,15,Quartiles and Interquartile Range
6,8,Data Sets and Distributions,D,Median and IQR,16,Box Plots
6,8,Data Sets and Distributions,D,Median and IQR,17,Using Box Plots
7,1,Scale Drawings,A,Scaled Copies,1,What Are Scaled Copies?
7,1,Scale Drawings,A,Scaled Copies,2,Corresponding Parts and Scale Factors
7,1,Scale Drawings,A,Scaled Copies,3,Making Scaled Copies
7,1,Scale Drawings,A,Scaled Copies,4,Scaled Relationships
7,1,Scale Drawings,A,Scaled Copies,5,The Size of the Scale Factor
7,1,Scale Drawings,B,Scale Drawings,7,Scale Drawings
7,1,Scale Drawings,B,Scale Drawings,9,Creating Scale Drawings
7,1,Scale Drawings,B,Scale Drawings,10,Changing Scales in Scale Drawings
7,1,Scale Drawings,B,Scale Drawings,12,Units in Scale Drawings
7,2,Introducing Proportional Relationships,A,Representing Proportional Relationships with Tables,1,One of These Things Is Not Like the Others
7,2,Introducing Proportional Relationships,A,Representing Proportional Relationships with Tables,2,Introducing Proportional Relationships with Tables
7,2,Introducing Proportional Relationships,A,Representing Proportional Relationships with Tables,3,More About Constant of Proportionality
7,2,Introducing Proportional Relationships,B,Representing Proportional Relationships with Equations,4,Proportional Relationships and Equations
7,2,Introducing Proportional Relationships,B,Representing Proportional Relationships with Equations,5,Two Equations for Each Relationship
7,2,Introducing Proportional Relationships,B,Representing Proportional Relationships with Equations,6,Using Equations to Solve Problems
7,2,Introducing Proportional Relationships,C,Comparing Proportional and Nonproportional Relationships,7,Comparing Relationships with Tables
7,2,Introducing Proportional Relationships,C,Comparing Proportional and Nonproportional Relationships,8,Comparing Relationships with Equations
7,2,Introducing Proportional Relationships,C,Comparing Proportional and Nonproportional Relationships,9,Solving Problems about Proportional Relationships
7,2,Introducing Proportional Relationships,D,Representing Proportional Relationships with Graphs,10,Introducing Graphs of Proportional Relationships
7,2,Introducing Proportional Relationships,D,Representing Proportional Relationships with Graphs,11,Interpreting Graphs of Proportional Relationships
7,2,Introducing Proportional Relationships,D,Representing Proportional Relationships with Graphs,12,Using Graphs to Compare Relationships
7,2,Introducing Proportional Relationships,D,Representing Proportional Relationships with Graphs,13,Two Graphs for Each Relationship
7,2,Introducing Proportional Relationships,E,Let's Put It To Work,14,Four Representations
7,3,Measuring Circles,A,Circumference of a Circle,1,How Well Can You Measure?
7,3,Measuring Circles,A,Circumference of a Circle,2,Exploring Circles
7,3,Measuring Circles,A,Circumference of a Circle,3,Exploring Circumference
7,3,Measuring Circles,A,Circumference of a Circle,4,Applying Circumference
7,3,Measuring Circles,B,Area of a Circle,6,Estimating Areas
7,3,Measuring Circles,B,Area of a Circle,7,Exploring the Area of a Circle
7,3,Measuring Circles,B,Area of a Circle,8,Relating Area to Circumference
7,3,Measuring Circles,B,Area of a Circle,9,Applying Area of Circles
7,3,Measuring Circles,C,Let's Put It to Work,10,Distinguishing Circumference and Area
7,4,Proportional Relationships and Percentages,A,Proportional Relationships with Fractions,1,Relative Areas of Scaled Copies
7,4,Proportional Relationships and Percentages,A,Proportional Relationships with Fractions,2,Ratios and Rates with Fractions
7,4,Proportional Relationships and Percentages,A,Proportional Relationships with Fractions,3,Revisiting Proportional Relationships
7,4,Proportional Relationships and Percentages,A,Proportional Relationships with Fractions,4,Half as Much Again
7,4,Proportional Relationships and Percentages,A,Proportional Relationships with Fractions,5,Say It with Decimals
7,4,Proportional Relationships and Percentages,B,Percent Increase and Decrease,6,Increasing and Decreasing
7,4,Proportional Relationships and Percentages,B,Percent Increase and Decrease,7,One Hundred Percent
7,4,Proportional Relationships and Percentages,B,Percent Increase and Decrease,8,Percent Increase and Decrease with Equations
7,4,Proportional Relationships and Percentages,B,Percent Increase and Decrease,9,More and Less than 1%
7,4,Proportional Relationships and Percentages,C,Applying Percentages,10,Tax and Tip
7,4,Proportional Relationships and Percentages,C,Applying Percentages,11,Percentage Contexts
7,4,Proportional Relationships and Percentages,C,Applying Percentages,12,Find the Percentage
7,4,Proportional Relationships and Percentages,C,Applying Percentages,13,Measurement Error
7,4,Proportional Relationships and Percentages,C,Applying Percentages,14,Percent Error
7,5,Rational Number Arithmetic,A,Interpreting Negative Numbers,1,Interpreting Negative Numbers
7,5,Rational Number Arithmetic,B,Adding and Subtracting Rational Numbers,2,Changing Temperatures
7,5,Rational Number Arithmetic,B,Adding and Subtracting Rational Numbers,3,Changing Elevation
7,5,Rational Number Arithmetic,B,Adding and Subtracting Rational Numbers,4,Money and Debts
7,5,Rational Number Arithmetic,B,Adding and Subtracting Rational Numbers,5,Representing Subtraction
7,5,Rational Number Arithmetic,B,Adding and Subtracting Rational Numbers,6,Subtracting Rational Numbers
7,5,Rational Number Arithmetic,B,Adding and Subtracting Rational Numbers,7,Adding and Subtracting to Solve Problems
7,5,Rational Number Arithmetic,C,Multiplying and Dividing Rational Numbers,8,"Position, Speed, and Direction"
7,5,Rational Number Arithmetic,C,Multiplying and Dividing Rational Numbers,9,Multiplying Rational Numbers
7,5,Rational Number Arithmetic,C,Multiplying and Dividing Rational Numbers,11,Dividing Rational Numbers
7,5,Rational Number Arithmetic,D,Four Operations with Rational Numbers,13,Expressions with Rational Numbers
7,5,Rational Number Arithmetic,D,Four Operations with Rational Numbers,14,Solving Problems with Rational Numbers
7,5,Rational Number Arithmetic,E,Solving Equations Where There Are Negative Numbers,15,Solving Equations With Rational Numbers
7,5,Rational Number Arithmetic,E,Solving Equations Where There Are Negative Numbers,16,Representing Contexts with Equations
7,6,"Expressions, Equations, and Inequalities",A,Representing Situations of the Form  px+q=r and p(x+q)=r,1,Relationships between Quantities
7,6,"Expressions, Equations, and Inequalities",A,Representing Situations of the Form  px+q=r and p(x+q)=r,2,Reasoning about Contexts with Tape Diagrams (Part 1)
7,6,"Expressions, Equations, and Inequalities",A,Representing Situations of the Form  px+q=r and p(x+q)=r,3,Reasoning about Contexts with Tape Diagrams (Part 2)
7,6,"Expressions, Equations, and Inequalities",A,Representing Situations of the Form  px+q=r and p(x+q)=r,4,Reasoning about Equations and Tape Diagrams (Part 1)
7,6,"Expressions, Equations, and Inequalities",A,Representing Situations of the Form  px+q=r and p(x+q)=r,5,Reasoning about Equations and Tape Diagrams (Part 2)
7,6,"Expressions, Equations, and Inequalities",A,Representing Situations of the Form  px+q=r and p(x+q)=r,6,Distinguishing between Two Types of Situations
7,6,"Expressions, Equations, and Inequalities",B,Solving Equations of the Form  px+q=r and p(x+q)=r and Problems That Lead to Those Equations,7,Reasoning about Solving Equations (Part 1)
7,6,"Expressions, Equations, and Inequalities",B,Solving Equations of the Form  px+q=r and p(x+q)=r and Problems That Lead to Those Equations,8,Reasoning about Solving Equations (Part 2)
7,6,"Expressions, Equations, and Inequalities",B,Solving Equations of the Form  px+q=r and p(x+q)=r and Problems That Lead to Those Equations,9,Dealing with Negative Numbers
7,6,"Expressions, Equations, and Inequalities",B,Solving Equations of the Form  px+q=r and p(x+q)=r and Problems That Lead to Those Equations,10,Different Options for Solving One Equation
7,6,"Expressions, Equations, and Inequalities",B,Solving Equations of the Form  px+q=r and p(x+q)=r and Problems That Lead to Those Equations,11,Using Tape Diagrams and Equations to Solve Problems
7,6,"Expressions, Equations, and Inequalities",B,Solving Equations of the Form  px+q=r and p(x+q)=r and Problems That Lead to Those Equations,12,Solving Problems about Percent Increase or Decrease
7,6,"Expressions, Equations, and Inequalities",C,Inequalities,13,Reintroducing Inequalities
7,6,"Expressions, Equations, and Inequalities",C,Inequalities,14,Finding Solutions to Inequalities in Context
7,6,"Expressions, Equations, and Inequalities",C,Inequalities,15,Efficiently Solving Inequalities
7,6,"Expressions, Equations, and Inequalities",C,Inequalities,16,Inequalities in Context
7,6,"Expressions, Equations, and Inequalities",C,Inequalities,17,Modeling with Inequalities
7,6,"Expressions, Equations, and Inequalities",D,Writing Equivalent Expressions,18,Subtraction in Equivalent Expressions
7,6,"Expressions, Equations, and Inequalities",D,Writing Equivalent Expressions,19,Expanding and Factoring
7,6,"Expressions, Equations, and Inequalities",D,Writing Equivalent Expressions,20,Combining Like Terms (Part 1)
7,6,"Expressions, Equations, and Inequalities",D,Writing Equivalent Expressions,21,Combining Like Terms (Part 2)
7,6,"Expressions, Equations, and Inequalities",D,Writing Equivalent Expressions,22,Combining Like Terms (Part 3)
7,7,"Angles, Triangles, and Prisms",A,Angle Relationships,1,Relationships of Angles
7,7,"Angles, Triangles, and Prisms",A,Angle Relationships,2,Adjacent Angles
7,7,"Angles, Triangles, and Prisms",A,Angle Relationships,3,Nonadjacent Angles
7,7,"Angles, Triangles, and Prisms",A,Angle Relationships,4,Solving for Unknown Angles
7,7,"Angles, Triangles, and Prisms",A,Angle Relationships,5,Using Equations to Solve for Unknown Angles
7,7,"Angles, Triangles, and Prisms",B,Drawing Polygons with Given Conditions,6,Building Polygons (Part 1)
7,7,"Angles, Triangles, and Prisms",B,Drawing Polygons with Given Conditions,7,Building Polygons (Part 2)
7,7,"Angles, Triangles, and Prisms",B,Drawing Polygons with Given Conditions,8,Triangles with 3 Common Measures
7,7,"Angles, Triangles, and Prisms",C,Solid Geometry,11,Slicing Solids
7,7,"Angles, Triangles, and Prisms",C,Solid Geometry,12,Volume of Right Prisms
7,7,"Angles, Triangles, and Prisms",C,Solid Geometry,13,Decomposing Bases for Area
7,7,"Angles, Triangles, and Prisms",C,Solid Geometry,14,Surface Area of Right Prisms
7,7,"Angles, Triangles, and Prisms",C,Solid Geometry,15,Distinguishing Volume and Surface Area
7,7,"Angles, Triangles, and Prisms",C,Solid Geometry,16,Applying Volume and Surface Area
7,8,Probability and Sampling,A,Probabilities of Single Step Events,1,Mystery Bags
7,8,Probability and Sampling,A,Probabilities of Single Step Events,2,Chance Experiments
7,8,Probability and Sampling,A,Probabilities of Single Step Events,3,What Are Probabilities?
7,8,Probability and Sampling,A,Probabilities of Single Step Events,4,Estimating Probabilities Through Repeated Experiments
7,8,Probability and Sampling,A,Probabilities of Single Step Events,5,More Estimating Probabilities
7,8,Probability and Sampling,A,Probabilities of Single Step Events,6,Estimating Probabilities Using Simulation
7,8,Probability and Sampling,B,Probabilities of Multi-step Events,7,Simulating Multi-Step Experiments
7,8,Probability and Sampling,B,Probabilities of Multi-step Events,8,Keeping Track of All Possible Outcomes
7,8,Probability and Sampling,B,Probabilities of Multi-step Events,9,Multi-Step Experiments
7,8,Probability and Sampling,B,Probabilities of Multi-step Events,10,Designing Simulations
7,8,Probability and Sampling,C,Sampling,11,Comparing Groups
7,8,Probability and Sampling,C,Sampling,12,Larger Populations
7,8,Probability and Sampling,C,Sampling,13,What Makes a Good Sample?
7,8,Probability and Sampling,C,Sampling,14,Sampling in a Fair Way
7,8,Probability and Sampling,D,Using Samples,15,Estimating Population Measures of Center
7,8,Probability and Sampling,D,Using Samples,16,Estimating Population Proportions
7,8,Probability and Sampling,D,Using Samples,18,Comparing Populations Using Samples
8,1,Rigid Transformations and Congruence,A,Rigid Transformations,1,Moving in the Plane
8,1,Rigid Transformations and Congruence,A,Rigid Transformations,2,Naming the Moves
8,1,Rigid Transformations and Congruence,A,Rigid Transformations,3,Grid Moves
8,1,Rigid Transformations and Congruence,A,Rigid Transformations,4,Making the Moves
8,1,Rigid Transformations and Congruence,A,Rigid Transformations,5,Coordinate Moves
8,1,Rigid Transformations and Congruence,A,Rigid Transformations,6,Describing Transformations
8,1,Rigid Transformations and Congruence,B,Properties of Rigid Transformations,7,No Bending or Stretching
8,1,Rigid Transformations and Congruence,B,Properties of Rigid Transformations,8,Rotation Patterns
8,1,Rigid Transformations and Congruence,B,Properties of Rigid Transformations,9,Moves in Parallel
8,1,Rigid Transformations and Congruence,C,Congruence,11,What Is the Same?
8,1,Rigid Transformations and Congruence,C,Congruence,12,Congruent Polygons
8,1,Rigid Transformations and Congruence,D,Angles in a Triangle,14,Alternate Interior Angles
8,1,Rigid Transformations and Congruence,D,Angles in a Triangle,15,Adding the Angles in a Triangle
8,1,Rigid Transformations and Congruence,D,Angles in a Triangle,16,Parallel Lines and the Angles in a Triangle
8,2,"Dilations, Similarity, and Introducing Slope",A,Dilations,1,Projecting and Scaling
8,2,"Dilations, Similarity, and Introducing Slope",A,Dilations,2,Circular Grid
8,2,"Dilations, Similarity, and Introducing Slope",A,Dilations,3,Dilations with No Grid
8,2,"Dilations, Similarity, and Introducing Slope",A,Dilations,4,Dilations on a Square Grid
8,2,"Dilations, Similarity, and Introducing Slope",A,Dilations,5,More Dilations
8,2,"Dilations, Similarity, and Introducing Slope",B,Similarity,6,Similarity
8,2,"Dilations, Similarity, and Introducing Slope",B,Similarity,7,Similar Polygons
8,2,"Dilations, Similarity, and Introducing Slope",B,Similarity,8,Similar Triangles
8,2,"Dilations, Similarity, and Introducing Slope",B,Similarity,9,Side Length Quotients in Similar Triangles
8,2,"Dilations, Similarity, and Introducing Slope",C,Slope,10,Meet Slope
8,2,"Dilations, Similarity, and Introducing Slope",C,Slope,11,Writing Equations for Lines
8,2,"Dilations, Similarity, and Introducing Slope",C,Slope,12,Using Equations for Lines
8,3,Linear Relationships,A,Proportional Relationships,1,Understanding Proportional Relationships
8,3,Linear Relationships,A,Proportional Relationships,2,Graphs of Proportional Relationships
8,3,Linear Relationships,A,Proportional Relationships,3,Representing Proportional Relationships
8,3,Linear Relationships,A,Proportional Relationships,4,Comparing Proportional Relationships
8,3,Linear Relationships,B,Representing Linear Relationships,5,Introduction to Linear Relationships
8,3,Linear Relationships,B,Representing Linear Relationships,6,More Linear Relationships
8,3,Linear Relationships,B,Representing Linear Relationships,7,Representations of Linear Relationships
8,3,Linear Relationships,B,Representing Linear Relationships,8,Translating to  y=mx+b
8,3,Linear Relationships,C,Finding Slopes,9,Slopes Don't Have to Be Positive
8,3,Linear Relationships,C,Finding Slopes,10,Calculating Slope
8,3,Linear Relationships,C,Finding Slopes,11,Equations of All Kinds of Lines
8,3,Linear Relationships,D,Linear Equations,12,Solutions to Linear Equations
8,3,Linear Relationships,D,Linear Equations,13,More Solutions to Linear Equations
8,4,Linear Equations and Linear Systems,B,Linear Equations in One Variable,2,Keeping the Equation Balanced
8,4,Linear Equations and Linear Systems,B,Linear Equations in One Variable,3,Balanced Moves
8,4,Linear Equations and Linear Systems,B,Linear Equations in One Variable,4,More Balanced Moves
8,4,Linear Equations and Linear Systems,B,Linear Equations in One Variable,5,Solving Any Linear Equation
8,4,Linear Equations and Linear Systems,B,Linear Equations in One Variable,6,Strategic Solving
8,4,Linear Equations and Linear Systems,B,Linear Equations in One Variable,7,"All, Some, or No Solutions"
8,4,Linear Equations and Linear Systems,B,Linear Equations in One Variable,8,How Many Solutions?
8,4,Linear Equations and Linear Systems,B,Linear Equations in One Variable,9,When Are They the Same?
8,4,Linear Equations and Linear Systems,C,Systems of Linear Equations,10,On or Off the Line?
8,4,Linear Equations and Linear Systems,C,Systems of Linear Equations,11,On Both of the Lines
8,4,Linear Equations and Linear Systems,C,Systems of Linear Equations,12,Systems of Equations
8,4,Linear Equations and Linear Systems,C,Systems of Linear Equations,13,Solving Systems of Equations
8,4,Linear Equations and Linear Systems,C,Systems of Linear Equations,14,Solving More Systems
8,4,Linear Equations and Linear Systems,C,Systems of Linear Equations,15,Writing Systems of Equations
8,5,Functions and Volume,A,Inputs and Outputs,1,Inputs and Outputs
8,5,Functions and Volume,A,Inputs and Outputs,2,Introduction to Functions
8,5,Functions and Volume,B,Representing and Interpreting Functions,3,Equations for Functions
8,5,Functions and Volume,B,Representing and Interpreting Functions,4,"Tables, Equations, and Graphs of Functions"
8,5,Functions and Volume,B,Representing and Interpreting Functions,5,More Graphs of Functions
8,5,Functions and Volume,B,Representing and Interpreting Functions,7,Connecting Representations of Functions
8,5,Functions and Volume,C,Linear Functions and Rates of Change,8,Linear Functions
8,5,Functions and Volume,C,Linear Functions and Rates of Change,9,Linear Models
8,5,Functions and Volume,C,Linear Functions and Rates of Change,10,Piecewise Linear Functions
8,5,Functions and Volume,D,Cylinders and Cones,11,Filling Containers
8,5,Functions and Volume,D,Cylinders and Cones,13,The Volume of a Cylinder
8,5,Functions and Volume,D,Cylinders and Cones,14,Finding Cylinder Dimensions
8,5,Functions and Volume,D,Cylinders and Cones,15,The Volume of a Cone
8,5,Functions and Volume,D,Cylinders and Cones,16,Finding Cone Dimensions
8,5,Functions and Volume,E,Dimensions and Spheres,17,Scaling One Dimension
8,5,Functions and Volume,E,Dimensions and Spheres,18,Scaling Two Dimensions
8,5,Functions and Volume,E,Dimensions and Spheres,20,The Volume of a Sphere
8,5,Functions and Volume,E,Dimensions and Spheres,21,"Cylinders, Cones, and Spheres"
8,6,Associations in Data,A,Does This Predict That?,1,Organizing Data
8,6,Associations in Data,A,Does This Predict That?,2,Plotting Data
8,6,Associations in Data,B,Associations in Numerical Data,3,What a Point in a Scatter Plot Means
8,6,Associations in Data,B,Associations in Numerical Data,4,Fitting a Line to Data
8,6,Associations in Data,B,Associations in Numerical Data,5,Describing Trends in Scatter Plots
8,6,Associations in Data,B,Associations in Numerical Data,6,The Slope of a Fitted Line
8,6,Associations in Data,B,Associations in Numerical Data,7,Observing More Patterns in Scatter Plots
8,6,Associations in Data,B,Associations in Numerical Data,8,Analyzing Bivariate Data
8,6,Associations in Data,C,Associations in Categorical Data,9,Looking for Associations
8,6,Associations in Data,C,Associations in Categorical Data,10,Using Data Displays to Find Associations
8,7,Exponents and Scientific Notation,A,Exponent Review,1,Exponent Review
8,7,Exponents and Scientific Notation,B,Exponent Rules,2,Multiplying Powers of Ten
8,7,Exponents and Scientific Notation,B,Exponent Rules,3,Powers of Powers of 10
8,7,Exponents and Scientific Notation,B,Exponent Rules,4,Dividing Powers of 10
8,7,Exponents and Scientific Notation,B,Exponent Rules,5,Negative Exponents with Powers of 10
8,7,Exponents and Scientific Notation,B,Exponent Rules,6,What about Other Bases?
8,7,Exponents and Scientific Notation,B,Exponent Rules,7,Practice with Rational Bases
8,7,Exponents and Scientific Notation,B,Exponent Rules,8,Combining Bases
8,7,Exponents and Scientific Notation,C,Scientific Notation,9,Describing Large and Small Numbers Using Powers of 10
8,7,Exponents and Scientific Notation,C,Scientific Notation,10,Representing Large Numbers on the Number Line
8,7,Exponents and Scientific Notation,C,Scientific Notation,11,Representing Small Numbers on the Number Line
8,7,Exponents and Scientific Notation,C,Scientific Notation,12,Applications of Arithmetic with Powers of 10
8,7,Exponents and Scientific Notation,C,Scientific Notation,13,Definition of Scientific Notation
8,7,Exponents and Scientific Notation,C,Scientific Notation,14,"Multiplying, Dividing, and Estimating with Scientific Notation"
8,7,Exponents and Scientific Notation,C,Scientific Notation,15,Adding and Subtracting with Scientific Notation
8,8,Pythagorean Theorem and Irrational Numbers,A,The Size of Shapes,1,The Areas of Squares and Their Side Lengths
8,8,Pythagorean Theorem and Irrational Numbers,B,Side Lengths and Areas of Squares,2,Side Lengths and Areas
8,8,Pythagorean Theorem and Irrational Numbers,B,Side Lengths and Areas of Squares,3,Rational and Irrational Numbers
8,8,Pythagorean Theorem and Irrational Numbers,B,Side Lengths and Areas of Squares,4,Square Roots on the Number Line
8,8,Pythagorean Theorem and Irrational Numbers,B,Side Lengths and Areas of Squares,5,Reasoning about Square Roots
8,8,Pythagorean Theorem and Irrational Numbers,C,The Pythagorean Theorem,6,Finding Side Lengths of Triangles
8,8,Pythagorean Theorem and Irrational Numbers,C,The Pythagorean Theorem,7,A Proof of the Pythagorean Theorem
8,8,Pythagorean Theorem and Irrational Numbers,C,The Pythagorean Theorem,8,Finding Unknown Side Lengths
8,8,Pythagorean Theorem and Irrational Numbers,C,The Pythagorean Theorem,9,The Converse
8,8,Pythagorean Theorem and Irrational Numbers,C,The Pythagorean Theorem,10,Applications of the Pythagorean Theorem
8,8,Pythagorean Theorem and Irrational Numbers,C,The Pythagorean Theorem,11,Finding Distances in the Coordinate Plane
8,8,Pythagorean Theorem and Irrational Numbers,D,Side Lengths and Volumes of Cubes,12,Edge Lengths and Volumes
8,8,Pythagorean Theorem and Irrational Numbers,D,Side Lengths and Volumes of Cubes,13,Cube Roots
8,8,Pythagorean Theorem and Irrational Numbers,E,Decimal Representation of Rational and Irrational Numbers,14,Decimal Representations of Rational Numbers
8,8,Pythagorean Theorem and Irrational Numbers,E,Decimal Representation of Rational and Irrational Numbers,15,Infinite Decimal Expansions